-- -------------------------------------------------------------
-- TablePlus 4.6.6(422)
--
-- https://tableplus.com/
--
-- Database: MY_ORDERS
-- Generation Time: 2022-05-19 20:31:14.6130
-- -------------------------------------------------------------


/*!40101 SET @OLD_CHARACTER_SET_CLIENT=@@CHARACTER_SET_CLIENT */;
/*!40101 SET @OLD_CHARACTER_SET_RESULTS=@@CHARACTER_SET_RESULTS */;
/*!40101 SET @OLD_COLLATION_CONNECTION=@@COLLATION_CONNECTION */;
/*!40101 SET NAMES utf8mb4 */;
/*!40014 SET @OLD_UNIQUE_CHECKS=@@UNIQUE_CHECKS, UNIQUE_CHECKS=0 */;
/*!40014 SET @OLD_FOREIGN_KEY_CHECKS=@@FOREIGN_KEY_CHECKS, FOREIGN_KEY_CHECKS=0 */;
/*!40101 SET @OLD_SQL_MODE=@@SQL_MODE, SQL_MODE='NO_AUTO_VALUE_ON_ZERO' */;
/*!40111 SET @OLD_SQL_NOTES=@@SQL_NOTES, SQL_NOTES=0 */;


DROP TABLE IF EXISTS `address`;
CREATE TABLE `address` (
  `id` int NOT NULL AUTO_INCREMENT,
  `city` varchar(255) NOT NULL,
  `zip` varchar(255) NOT NULL,
  `street` varchar(255) NOT NULL,
  `number` int DEFAULT NULL,
  `code_chantier` varchar(255) DEFAULT NULL,
  `clientId` int NOT NULL,
  PRIMARY KEY (`id`),
  KEY `FK_3d3e29e99d821fd75d7cb117e04` (`clientId`),
  CONSTRAINT `FK_3d3e29e99d821fd75d7cb117e04` FOREIGN KEY (`clientId`) REFERENCES `client` (`id`)
) ENGINE=InnoDB AUTO_INCREMENT=163 DEFAULT CHARSET=utf8mb4 COLLATE=utf8mb4_0900_ai_ci;

DROP TABLE IF EXISTS `client`;
CREATE TABLE `client` (
  `id` int NOT NULL AUTO_INCREMENT,
  `name` varchar(255) NOT NULL,
  `surname` varchar(255) NOT NULL,
  `phone` varchar(255) NOT NULL,
  PRIMARY KEY (`id`)
) ENGINE=InnoDB AUTO_INCREMENT=86 DEFAULT CHARSET=utf8mb4 COLLATE=utf8mb4_0900_ai_ci;

DROP TABLE IF EXISTS `company`;
CREATE TABLE `company` (
  `id` int NOT NULL AUTO_INCREMENT,
  `name` varchar(255) NOT NULL,
  `city` varchar(255) NOT NULL,
  `zip` varchar(255) NOT NULL,
  `phone` varchar(255) NOT NULL,
  `paid_per_day` tinyint NOT NULL,
  PRIMARY KEY (`id`)
) ENGINE=InnoDB AUTO_INCREMENT=31 DEFAULT CHARSET=utf8mb4 COLLATE=utf8mb4_0900_ai_ci;

DROP TABLE IF EXISTS `operator`;
CREATE TABLE `operator` (
  `id` int NOT NULL AUTO_INCREMENT,
  `name` varchar(255) DEFAULT NULL,
  `surname` varchar(255) NOT NULL,
  `phone` varchar(255) NOT NULL,
  `companyId` int NOT NULL,
  PRIMARY KEY (`id`),
  KEY `FK_a8eb62659dfb7dbe980f7ba46b8` (`companyId`),
  CONSTRAINT `FK_a8eb62659dfb7dbe980f7ba46b8` FOREIGN KEY (`companyId`) REFERENCES `company` (`id`)
) ENGINE=InnoDB AUTO_INCREMENT=101 DEFAULT CHARSET=utf8mb4 COLLATE=utf8mb4_0900_ai_ci;

DROP TABLE IF EXISTS `order`;
CREATE TABLE `order` (
  `id` int NOT NULL AUTO_INCREMENT,
  `date_chargement` datetime NOT NULL,
  `date_dechargement` datetime NOT NULL,
  `price` float NOT NULL,
  `info` varchar(900) DEFAULT NULL,
  `sent` tinyint DEFAULT NULL,
  `clientId` int NOT NULL,
  `addressId` int NOT NULL,
  `productId` int NOT NULL,
  PRIMARY KEY (`id`),
  KEY `FK_9b27855a9c2ade186e5c55d1ec3` (`clientId`),
  KEY `FK_73f9a47e41912876446d047d015` (`addressId`),
  KEY `FK_88991860e839c6153a7ec878d39` (`productId`),
  CONSTRAINT `FK_73f9a47e41912876446d047d015` FOREIGN KEY (`addressId`) REFERENCES `address` (`id`),
  CONSTRAINT `FK_88991860e839c6153a7ec878d39` FOREIGN KEY (`productId`) REFERENCES `product` (`id`),
  CONSTRAINT `FK_9b27855a9c2ade186e5c55d1ec3` FOREIGN KEY (`clientId`) REFERENCES `client` (`id`)
) ENGINE=InnoDB AUTO_INCREMENT=1001 DEFAULT CHARSET=utf8mb4 COLLATE=utf8mb4_0900_ai_ci;

DROP TABLE IF EXISTS `order_operators_operator`;
CREATE TABLE `order_operators_operator` (
  `orderId` int NOT NULL,
  `operatorId` int NOT NULL,
  PRIMARY KEY (`orderId`,`operatorId`),
  KEY `IDX_7df2119679a00f8648259408bf` (`orderId`),
  KEY `IDX_3261f1ce57651e998ef4d52bab` (`operatorId`),
  CONSTRAINT `FK_3261f1ce57651e998ef4d52babe` FOREIGN KEY (`operatorId`) REFERENCES `operator` (`id`) ON DELETE CASCADE ON UPDATE CASCADE,
  CONSTRAINT `FK_7df2119679a00f8648259408bfc` FOREIGN KEY (`orderId`) REFERENCES `order` (`id`) ON DELETE CASCADE ON UPDATE CASCADE
) ENGINE=InnoDB DEFAULT CHARSET=utf8mb4 COLLATE=utf8mb4_0900_ai_ci;

DROP TABLE IF EXISTS `product`;
CREATE TABLE `product` (
  `id` int NOT NULL AUTO_INCREMENT,
  `name` varchar(255) NOT NULL,
  `price` float NOT NULL,
  PRIMARY KEY (`id`),
  UNIQUE KEY `IDX_22cc43e9a74d7498546e9a63e7` (`name`)
) ENGINE=InnoDB AUTO_INCREMENT=11 DEFAULT CHARSET=utf8mb4 COLLATE=utf8mb4_0900_ai_ci;

INSERT INTO `address` (`id`, `city`, `zip`, `street`, `number`, `code_chantier`, `clientId`) VALUES
(1, 'nykbjicxrj', '334463', 'twotvhhvksgavdoimxijmaqmhmuhyf', 25, 'pzavd', 11),
(2, 'dqwhhwerm', '128441', 'vunaupspewhmgcjscwsb', 28, 'rbjmg', 37),
(3, 'kssfhsfi', '721979', 'uknwjjhqhogpklwmx', 4, 'urhun', 69),
(4, 'sxrynwlrn', '883165', 'mtivwiixqmlqavrfgs', 55, 'fqppa', 41),
(5, 'pbysigronrn', '685711', 'hgnybfwmfez', 46, 'gbxgt', 36),
(6, 'usgdl', '501509', 'bsrfaoinubf', 22, 'gxniw', 2),
(7, 'piadbjjveu', '150586', 'wmvrgxepxknjpimqwrisomuuwj', 33, 'girln', 51),
(8, 'fedwtlnpmx', '462588', 'yqydgpmkrhqwymlr', 50, 'tbdtr', 76),
(9, 'fupwtowc', '264852', 'jsevtnixrvghfdbkjxvioxf', 25, 'ubual', 83),
(10, 'fvhhsjmoff', '061812', 'isearwfbycmh', 118, 'cbyhi', 28),
(11, 'umgumpnwopn', '873618', 'blusnsserx', 107, 'ttjfl', 8),
(12, 'olpmwhjdr', '166046', 'axdmsuxgff', 44, 'svjyu', 39),
(13, 'cinfp', '347545', 'kksqpbchijdhrmudtnpxd', 31, 'pvaol', 18),
(14, 'klbqbb', '844611', 'bxksareuyvbkgmo', 33, 'owijb', 76),
(15, 'kgwvk', '265955', 'ywkedxxdqcpnene', 89, 'mzbou', 66),
(16, 'gksllcseo', '601216', 'hotiqhtrymreliiloqd', 85, 'lifmu', 75),
(17, 'hsbqibrfenx', '451337', 'qjcbeqfpnneuvuok', 111, 'rwdrv', 46),
(18, 'rgfyhglf', '615527', 'dchqinvrjwrjqxlqtmhpsmmkwv', 67, 'utjrg', 58),
(19, 'cnowmcidewc', '284218', 'ezydrktjedcygdfsimgbgoeolnlb', 79, 'kfesv', 59),
(20, 'nkefhsoftx', '291221', 'qvmpezbdzpbngtrvqyvykfeyrl', 62, 'wjsni', 23),
(21, 'cjgmvcdoicc', '979765', 'faooqnxzqfrkrvmjyz', 31, 'fhstd', 72),
(22, 'rmeuu', '812426', 'fpveiunpphtrsqbev', 67, 'taxbn', 75),
(23, 'ocmvpewtq', '977495', 'tjtqtugpyopqtruqxjqkvrz', 85, 'rjgod', 46),
(24, 'hpekg', '963171', 'gmexkfnllvidkqrcphinwb', 40, 'jfqyj', 10),
(25, 'syjma', '514732', 'ldlbnzrnfvthhmsiop', 12, 'ebecj', 58),
(26, 'odcinlivscwrjt', '808677', 'mgdxcsfgskqemhodxtk', 115, 'jayqd', 70),
(27, 'sbliumvq', '151184', 'hchztehewjcsfhtdjxijx', 108, 'dfspa', 51),
(28, 'vyfycfv', '429822', 'nvpidlflroi', 6, 'zgjke', 40),
(29, 'sblbspqoeivxrib', '461843', 'brvmzxsmegftgqgwldvuqb', 66, 'hjmsy', 84),
(30, 'crctogqlve', '755266', 'pimkyouvvpmshpcrhwav', 74, 'uilnb', 62),
(31, 'lhjoszjx', '686384', 'mimjinmjyczlesubgter', 73, 'cnrdm', 9),
(32, 'vtvifdfzcpo', '806935', 'xqxikuojlmnwdvjcgxm', 94, 'guslv', 32),
(33, 'weuxc', '613432', 'epgtryevzsuecwghd', 118, 'nndsf', 61),
(34, 'cijegjjbnmkbl', '485145', 'oeeqgccgduwffmxlxbnn', 87, 'dugcu', 12),
(35, 'ipqhmdgygjixig', '521452', 'msgzbjjpkhlyztq', 104, 'sptaq', 12),
(36, 'pczlosfx', '286826', 'yswgiboibcgoacmenlllffql', 20, 'vinju', 5),
(37, 'gndsefislliww', '214357', 'ikfqyfuwmvxwdliytv', 85, 'pqpmv', 4),
(38, 'mftvhpdseoplib', '311522', 'popckvunaeblcpppkfdxvakvnk', 20, 'ffwsp', 71),
(39, 'fiqcenuod', '840919', 'wxtlenbuimhdfhkmgiexpmclu', 25, 'uxkop', 49),
(40, 'nwbdulrfs', '305467', 'aypbvbsmlaabkoxej', 35, 'dcphm', 14),
(41, 'ushiqifoshhh', '715031', 'ruqtlchdtclgiyizljwsehkbmu', 96, 'rpnmr', 85),
(42, 'wgsrlujht', '527933', 'usdrmcktqjaqqbuqo', 87, 'qpcad', 56),
(43, 'pplnqztv', '683381', 'hnderomekskbhfdv', 26, 'zlbsw', 28),
(44, 'igvpiwsfbhoi', '741437', 'plywpgicols', 58, 'quymj', 4),
(45, 'kcvmuguwdxmm', '432628', 'cewlkyttelpoy', 110, 'ddxjz', 5),
(46, 'sfyqpl', '527348', 'deauxhptxdxfeabhvzwqprufjjidhz', 38, 'xixht', 57),
(47, 'upuihgvp', '798242', 'iscxzhtyneopsjypxsvwp', 58, 'gzsll', 34),
(48, 'pifzlho', '981714', 'edfgyolnjlpyhfiyhrvfhhv', 23, 'xtmpf', 82),
(49, 'tioumodtunlu', '217756', 'owtolfyiwlyvfgmrss', 18, 'gjlsr', 7),
(50, 'lgsdgrnhfwi', '221323', 'kzcpfbnpdrwx', 25, 'xiqoe', 42),
(51, 'ljwfqvoabqczkb', '696867', 'ewnirmwzxrlfbaauplfdtcsbcrm', 90, 'injjc', 82),
(52, 'nvmhkxmv', '851291', 'pyybexjgeddjfukwcjvldxoddtk', 33, 'rolsq', 76),
(53, 'dwgoitujqpjmnr', '232234', 'rnvnuigangmsisls', 19, 'glfcq', 11),
(54, 'iplphjbuicqibp', '162761', 'mtwbzrtrtfpnvlwwrcmptval', 59, 'jstov', 10),
(55, 'qbdfchqmjvgcm', '951112', 'cwnfmhibxpxvs', 72, 'qtdxx', 83),
(56, 'eoxpcx', '312698', 'cgkkfiidmnkuc', 9, 'xgdiy', 68),
(57, 'muoxkc', '884782', 'hleqqhlrdkhusde', 89, 'ramgv', 62),
(58, 'efdvmnshlw', '710442', 'nqkrtrwmjpesseonrafktwzfncp', 45, 'tvqcc', 76),
(59, 'panbvyjj', '495323', 'iuqhkmqlvbijwemtrzlv', 5, 'nlhll', 20),
(60, 'pusybrvq', '469860', 'kllkjlepwjqls', 26, 'mmuxw', 24),
(61, 'ktgio', '713055', 'igoskzwlnbipkmlxgvse', 3, 'mngli', 41),
(62, 'xyduqpcfto', '398206', 'chfeoasmucglqzbffnpbfhhy', 65, 'kbrwu', 36),
(63, 'vdevsoas', '157422', 'vyknwyrtfkyjbv', 32, 'tydgf', 77),
(64, 'rrnktkvqseqeycb', '276685', 'pxeozvdmwkqviav', 58, 'qhuuh', 41),
(65, 'smfylsx', '708567', 'qyycxeucdjtulrhcehi', 95, 'kqwbg', 31),
(66, 'axsiludnuphyqz', '762465', 'gxiwwpiqtjkh', 7, 'rkxhi', 80),
(67, 'gcxmvwfcnvw', '756638', 'uicmdbcpkxhmvuukmsy', 107, 'lvgsk', 45),
(68, 'tiemersvtmeh', '933067', 'qriubezojrjlpocgccwetrlafyjee', 72, 'wsevk', 24),
(69, 'pforer', '085953', 'egzvruimlx', 54, 'emcgf', 13),
(70, 'zohfvyit', '501787', 'obykcaqykgomnxdr', 116, 'lkrzu', 72),
(71, 'tcktxuntdbaajc', '327857', 'oorvyflroolbe', 68, 'dotds', 75),
(72, 'njlbgjxdabyqym', '285530', 'jliswngilvlqnwjmsxcypjcwcrod', 16, 'jxmmv', 57),
(73, 'uuirnlbnw', '397453', 'mqakedrdkuoeua', 107, 'dukrw', 10),
(74, 'kxrxmjcgukejth', '508567', 'dnmwbgkyrdllmnjlbbuptkunpwyidm', 88, 'lvung', 54),
(75, 'onvtjunfpbhgtl', '899837', 'ackyfovrgbejlquvypfumtgijmsix', 48, 'brcff', 82),
(76, 'vtnmhxjzusbprtc', '889557', 'kumxblhzufvepmknogdogrhp', 120, 'hgzvd', 12),
(77, 'ulrzqfsdmvs', '628043', 'ehgmhooysechqbpmb', 62, 'lkplv', 40),
(78, 'rpmqzzluwwc', '227208', 'bllqnwwwnrxfmfwjebdtimwbcsan', 25, 'lbkoa', 49),
(79, 'zsqivim', '353542', 'vlbqhbeiffwujnbr', 72, 'hkcee', 30),
(80, 'nvldjhrulyoymn', '584342', 'wxxtkfnsiymg', 96, 'yoxor', 17),
(81, 'cnnyrth', '756356', 'wjfrtgaprskrcjqwzhdgxvrl', 7, 'yeiwt', 18),
(82, 'fwsticumoynxw', '623663', 'vjyfnongbvt', 115, 'nsfod', 62),
(83, 'blrkorfw', '952145', 'fwnrrbdqmcuesg', 26, 'ypjyw', 62),
(84, 'ixwijtai', '723130', 'gvypfvgeliiqxnllu', 31, 'gjztr', 19),
(85, 'venkz', '751077', 'tncmixmqcwjmlkgfgdvux', 12, 'txock', 73),
(86, 'wfnel', '571817', 'yxnbofapupgcizjcdigulyenc', 82, 'fyrbe', 70),
(87, 'bslgspnpetbotn', '530347', 'uyuikqydcaourugidysjvbva', 75, 'csadd', 25),
(88, 'wdterjpayc', '200617', 'ncudmimttpzfbyx', 22, 'ldipk', 34),
(89, 'xpdrlyhcne', '362614', 'fskxdayyhqvefkigfvhlzjvdom', 61, 'affiu', 25),
(90, 'ykcfwdmelbpx', '452440', 'dgqkaaguiecmsvvvwhyvmjlukqwjg', 120, 'fcbcl', 64),
(91, 'mitkdsgrexygd', '836215', 'xrrpowubuklkoukj', 51, 'gxfnv', 15),
(92, 'lnmuufe', '648112', 'gcpgdjcartugidqnoiuxyrmdmwzk', 79, 'lvkkt', 62),
(93, 'rbplcjdone', '554279', 'mfbojpfbcnemxcnxqmvpde', 24, 'wjbou', 65),
(94, 'buyshbepboihwsy', '280958', 'jnimtxqzaswml', 23, 'dqnnd', 69),
(95, 'nscyntxew', '887254', 'cyogupujchteizus', 74, 'srcpd', 71),
(96, 'uxqxge', '712758', 'cotlneqyhxnvwouykicmbndevrwu', 76, 'pnvfu', 3),
(97, 'gfgql', '811487', 'azyrgvapyslwqcabcghk', 111, 'rouum', 16),
(98, 'krkokwkone', '033568', 'fumsiduzcdwmdlymivcmke', 104, 'mvlbb', 63),
(99, 'cjfhyj', '671273', 'wacweqyoouvso', 10, 'wjzue', 72),
(100, 'oqrwnvbxu', '538353', 'hebostmomhalvfrbjgvbfucsxiqek', 110, 'fmowj', 60),
(101, 'yqunogarnnt', '129856', 'xfmqwvvlfltn', 101, 'pwiui', 84),
(102, 'pjcygocelltff', '980957', 'mrhcuuzygre', 107, 'pdnqf', 45),
(103, 'erozkzlcyyio', '226637', 'hymtslfrvo', 99, 'knlyt', 81),
(104, 'byiqjtwxtj', '765185', 'ujajlpreujudsdoibwekkcxqto', 106, 'ljwle', 7),
(105, 'oxvbllrpsq', '590274', 'drpwuhnuepmjeuukhsmzgkkcmng', 92, 'wdktg', 36),
(106, 'ekodygxaefe', '120021', 'fpshynfqttwzgpomnmhhhuvi', 63, 'yyzlb', 70),
(107, 'irvgkjvpusu', '027823', 'zxwslldlsxfnrgicteiujbdldows', 62, 'vjujt', 12),
(108, 'luxkyfek', '260328', 'kyurqzfkplmliqzwurao', 14, 'cgpsh', 33),
(109, 'edbsygfdenp', '367544', 'tgqvuqwmlocbeykfuovpc', 81, 'qeacs', 6),
(110, 'wkitrdhws', '775938', 'wfrbinqontncpnvdfptoacuswtgnt', 38, 'kcsdd', 63),
(111, 'rstztc', '046376', 'wyxxledbbkzxmlnvysixyehrsv', 12, 'dqdsu', 62),
(112, 'fzskfusevzpl', '249762', 'rjrfyifghtapsnbodb', 20, 'bcenh', 62),
(113, 'likemyx', '813176', 'jrgfuolhaq', 29, 'vsjqd', 71),
(114, 'zntsy', '662462', 'oevkhgvbjyhnkyqg', 34, 'elrlp', 64),
(115, 'eigtzmyk', '554369', 'nxwjxxsfvffnulwibtongaeikjct', 85, 'auqol', 71),
(116, 'vhmblqbyt', '857315', 'kjsfgeathlxoguzmqbpg', 93, 'jiqvm', 19),
(117, 'hvgohxgibisl', '170731', 'qkpootqnqwqobiarnyepig', 49, 'wseke', 58),
(118, 'pxxhgpq', '725466', 'adttvkfxijdquegivq', 75, 'hvfev', 3),
(119, 'cpuctrxzeygrd', '815316', 'mrtvkhxbttyuipjthsdevvsiea', 83, 'tiyuo', 20),
(120, 'suqyyuoatt', '298451', 'zcjwsdfwgpsmfdw', 65, 'ojqir', 64),
(121, 'bnbfdsryjfoeow', '490504', 'niiimypsuxin', 103, 'dhspl', 15),
(122, 'ycgejgvwqc', '017148', 'kvsjqambubnxnbzvltsm', 79, 'otxah', 71),
(123, 'aytinbytw', '181767', 'wvcjhwhofhicicplers', 59, 'zsnjo', 57),
(124, 'mpquykmxk', '760034', 'lvqagjezyer', 87, 'vbiwe', 75),
(125, 'vkqidfmvwlseq', '981789', 'bdnclgifam', 117, 'lqbsc', 5),
(126, 'yqmsgjctlgwntt', '963488', 'rthqnerwoigqnwe', 15, 'qhups', 71),
(127, 'ltvqyrqsjuo', '623149', 'gnmrksnjpnhiljphbskciqvc', 5, 'dcrkb', 75),
(128, 'isxgbbpqzxlgd', '119488', 'mfuigoimymbsnewyuaxiipomlfejo', 75, 'drjtg', 73),
(129, 'sogbvdh', '161317', 'cvxdlxpnoduxjfrqwhsxbejejla', 40, 'qvxmw', 64),
(130, 'jtoitljeos', '997741', 'dfuxwiileknuxemrzwvvnr', 99, 'mdonx', 71),
(131, 'omgzarniiklkch', '898911', 'vuwdhvotop', 95, 'vmmrh', 44),
(132, 'hcpxmgfkrcoe', '775408', 'sypqjklcoybrkxjwvojewgtwxf', 78, 'acqhp', 82),
(133, 'mzyeyrechbecq', '006264', 'cmtuvbqdjekbxavrmexpfjcfyze', 117, 'yfymi', 76),
(134, 'ffehgvp', '765198', 'gnonojnynelkevpqyufjtblzfoo', 46, 'lgcfo', 17),
(135, 'oehhsg', '846701', 'mwepuqcbnspckdnph', 114, 'lpjmk', 85),
(136, 'tgorghkmrf', '611453', 'sfdowopkcpqfx', 21, 'iofkl', 43),
(137, 'zsmqawavyb', '654268', 'pnhbrowlutohbkyixudey', 8, 'gwvmk', 31),
(138, 'kdduxzediolbag', '685337', 'hllagrdtvruahnqdj', 24, 'bnxrl', 76),
(139, 'tmuwcxmxfcsdy', '526286', 'twevltrxccqgkkuyo', 69, 'nwmwm', 11),
(140, 'jnehyyrxdxett', '463413', 'iyriceypixlvreff', 107, 'ridqu', 79),
(141, 'dwxeckifclflyr', '840108', 'ftnkjiqogvlospgj', 104, 'tyczy', 23),
(142, 'xzgunytpfiif', '710348', 'xixqhvqbmzobumhvuctadghbljyrc', 64, 'dzrrm', 74),
(143, 'yidtn', '212857', 'jcbjmifiqxcvs', 35, 'mrxfd', 65),
(144, 'pqkmbkq', '705276', 'mesvgjrdhxuvpfsljzrsdg', 26, 'gewjw', 78),
(145, 'lcxqbufcw', '279434', 'dnxpptemmlwtqbsmdmkp', 111, 'ijqbh', 78),
(146, 'penqklxclcqiq', '677091', 'supnyxbygfzds', 102, 'ggrlo', 30),
(147, 'ydywqibmluonc', '436367', 'aghjloimobjmgvm', 101, 'ddqys', 32),
(148, 'qecipwgelewwmk', '745272', 'gqbhsdpusqmhtjayoqgsqtg', 72, 'ehrsr', 7),
(149, 'vwrgqklupe', '213857', 'jokicuittehrtskyotjqb', 115, 'ylfdl', 38),
(150, 'dsacskbe', '389806', 'zjfkywsqyjsjpkugy', 89, 'blnfa', 51),
(151, 'oegqixpqiz', '862487', 'edamflcvixxxtujbbpkqbgtmvo', 50, 'mxyoc', 16),
(152, 'cdmcfxsu', '452834', 'ibvdngtkqlgudwddhpumvfyro', 89, 'hoofk', 27),
(153, 'kuhwh', '846369', 'szqbirlpbnmnrlpdqa', 16, 'laznk', 73),
(154, 'snkqtiofmeveijo', '429514', 'rijeeikpmgoqwceismzqjidye', 54, 'emaxb', 19),
(155, 'wfuqsgehgjdx', '443585', 'rsviamnnooqcgwqmkercrhwebpvdk', 25, 'qhill', 3),
(156, 'pmjokowto', '542239', 'xgzcxzwjvwcpkjdrfpctbcg', 66, 'ivknx', 81),
(157, 'pbxmfaf', '915164', 'sltuiaxpnvmnwthlpghqid', 107, 'clifj', 2),
(158, 'oueqbgotlpt', '624260', 'qtqbmvkeyb', 90, 'cjsag', 61),
(159, 'gcilgoe', '164347', 'lpyquzmodigrwryrbv', 18, 'lpiwv', 65),
(160, 'tsumzljkgk', '483336', 'baefkqdhftgypzroqhuodilul', 70, 'mwmnf', 23),
(161, 'Caen', '14000', 'Rue', NULL, NULL, 2),
(162, 'Caen', '14000', 'Rue', NULL, NULL, 1);

INSERT INTO `client` (`id`, `name`, `surname`, `phone`) VALUES
(1, 'Hernandez', 'Larry', '1317022330'),
(2, 'Lewis', 'Michael', '0641382543'),
(3, 'Moore', 'Anna', '1576917314'),
(4, 'Martinez', 'John', '6783341143'),
(5, 'Thomas', 'Scott', '7366565247'),
(6, 'Clark', 'Barbara', '7898576104'),
(7, 'Williams', 'Jennifer', '8420124523'),
(8, 'Clark', 'Charles', '3265713266'),
(9, 'Lee', 'Carol', '0181124221'),
(10, 'Davis', 'Michael', '2814126752'),
(11, 'Miller', 'Larry', '3174636555'),
(12, 'Young', 'Shirley', '3006935314'),
(13, 'Thompson', 'Matthew', '3278878041'),
(14, 'Smith', 'Jessica', '0682769367'),
(15, 'Jones', 'Scott', '3156518402'),
(16, 'Perez', 'Melissa', '5578221363'),
(17, 'Thomas', 'Matthew', '7121648174'),
(18, 'Martinez', 'Michael', '8732541526'),
(19, 'Clark', 'Ronald', '9894318086'),
(20, 'Walker', 'Shirley', '4631938877'),
(21, 'Garcia', 'Angela', '2413087883'),
(22, 'Martinez', 'Eric', '8844391857'),
(23, 'Gonzalez', 'Jessica', '2733517141'),
(24, 'Thompson', 'Mark', '1311351459'),
(25, 'Robinson', 'Maria', '3919574187'),
(26, 'Thomas', 'Michael', '4085352336'),
(27, 'Hall', 'Sandra', '7213697076'),
(28, 'Gonzalez', 'Kevin', '5433193449'),
(29, 'Davis', 'Betty', '9596235310'),
(30, 'Harris', 'Sandra', '3736621343'),
(31, 'Jones', 'George', '0919125871'),
(32, 'Williams', 'James', '8927784675'),
(33, 'Perez', 'Brian', '3351262836'),
(34, 'Johnson', 'Amy', '3188024584'),
(35, 'Martin', 'Margaret', '9415628487'),
(36, 'White', 'Brenda', '9746414859'),
(37, 'Walker', 'Steven', '6202756542'),
(38, 'Wilson', 'Thomas', '1417467692'),
(39, 'White', 'Ruth', '3623826686'),
(40, 'Robinson', 'Kevin', '1728371698'),
(41, 'Brown', 'Brian', '6769345787'),
(42, 'Thompson', 'Edward', '7803633400'),
(43, 'Walker', 'Gary', '3069657993'),
(44, 'Johnson', 'Angela', '7783244133'),
(45, 'Williams', 'Betty', '2091527728'),
(46, 'Lopez', 'Anthony', '8652344915'),
(47, 'Smith', 'Charles', '6383637174'),
(48, 'Robinson', 'Eric', '2168243615'),
(49, 'Davis', 'Shirley', '2694342222'),
(50, 'Gonzalez', 'Karen', '7512504901'),
(51, 'Jackson', 'Mary', '3430855827'),
(52, 'Wilson', 'Laura', '8891587592'),
(53, 'Harris', 'Joseph', '4866548840'),
(54, 'Martin', 'Scott', '6716506604'),
(55, 'Johnson', 'Frank', '4471626368'),
(56, 'Martinez', 'Thomas', '0426649971'),
(57, 'Brown', 'Robert', '1258739975'),
(58, 'Walker', 'Jessica', '2777617126'),
(59, 'Clark', 'Jeffrey', '8298861961'),
(60, 'Wilson', 'Frank', '3337427254'),
(61, 'Thomas', 'Joseph', '6133563294'),
(62, 'Thomas', 'Brenda', '8964767378'),
(63, 'Thomas', 'William', '4848420310'),
(64, 'Martin', 'Anthony', '5966241931'),
(65, 'Smith', 'Donna', '8745818816'),
(66, 'Harris', 'Carol', '5434553614'),
(67, 'Taylor', 'Linda', '8715866528'),
(68, 'Davis', 'David', '6164022151'),
(69, 'Jones', 'Paul', '4903054379'),
(70, 'Thompson', 'Laura', '6228646142'),
(71, 'Williams', 'Timothy', '5127277162'),
(72, 'Jones', 'Margaret', '9813146446'),
(73, 'Lopez', 'Maria', '8034669125'),
(74, 'Lopez', 'Jason', '6426640735'),
(75, 'Lee', 'Christopher', '4282094003'),
(76, 'Harris', 'Melissa', '4521363216'),
(77, 'Clark', 'Daniel', '7886358645'),
(78, 'Thomas', 'Helen', '2657857523'),
(79, 'Johnson', 'Robert', '3251838634'),
(80, 'Hernandez', 'Karen', '9525302189'),
(81, 'Hall', 'Donna', '2016113365'),
(82, 'Jackson', 'Sandra', '7046711352'),
(83, 'Harris', 'Sarah', '5514623766'),
(84, 'Jones', 'Lisa', '5563743144'),
(85, 'Gonzalez', 'Jose', '1965661751');

INSERT INTO `company` (`id`, `name`, `city`, `zip`, `phone`, `paid_per_day`) VALUES
(1, 'nbdgpnciojhgld', 'jjwscnqybinc', '683621', '6628218541', 1),
(2, 'vvtsarm', 'puhjrsubp', '267318', '4323773358', 0),
(3, 'pqlptpmih', 'ussjkyhqdkxxyio', '763394', '6448224143', 0),
(4, 'qgcsdwxtqvmyvilgmjcr', 'tecohqaodrhqr', '122765', '7532722382', 0),
(5, 'abxpu', 'dzmjdyolekyaqn', '431271', '7649625563', 1),
(6, 'fxtijgtdhrwcginguwx', 'mbiyjfysp', '584938', '1427183823', 0),
(7, 'nmhucfyyrueyehqkekec', 'eyopifnuiebnfl', '824694', '8083835434', 1),
(8, 'kvvpoxldbdpmwpklrm', 'ucplevzirrnmdo', '482896', '7659260889', 0),
(9, 'yondwswknditxkmwg', 'mtirhcqifusjhbm', '505216', '2503278586', 0),
(10, 'hskmex', 'yirvj', '264386', '3284833697', 0),
(11, 'tpxuenbrltoxqujagbvz', 'lngeygwlm', '840837', '7376352883', 1),
(12, 'vgctoxfsfbrmojxnpm', 'wldrvuzymmk', '338814', '4770640427', 1),
(13, 'npxpxighdnffhfrolfzs', 'eolqyintglxpf', '238367', '2879846892', 1),
(14, 'esfiqf', 'xxcplhiuf', '564643', '4253754694', 0),
(15, 'rjiyheibxnexyjybd', 'uzzsvw', '196242', '6737836081', 1),
(16, 'rvgxellrrhce', 'xfhxloqxhdroibs', '704251', '9372428163', 1),
(17, 'swxeknzcjelncxx', 'nxvcccfq', '481127', '6341441829', 1),
(18, 'oydddhp', 'djccbkcjyxt', '588924', '3065481531', 1),
(19, 'lrsrt', 'aepxfi', '375782', '5863233368', 1),
(20, 'iheysusenwkxnibvipy', 'luyhqxfmx', '863853', '3443671146', 1),
(21, 'fuxkmrscevphvzfuq', 'vkvojd', '186275', '7560836216', 1),
(22, 'jsibsgkblelkxao', 'xkwfqizvcxgm', '783926', '8694101523', 0),
(23, 'erahpbvevbwhrg', 'gjnbcoxyef', '744628', '3643916173', 1),
(24, 'asnrdqjwueuqkpwn', 'hixdodozepxwixw', '138055', '7544881712', 0),
(25, 'kvgovmnqflkhhzkptsdo', 'kfxyinq', '612157', '3002777822', 1),
(26, 'okifvjapqwqhwielk', 'facwiultpt', '682225', '9263561752', 0),
(27, 'eyveegdgiecqt', 'wkilhyppr', '055847', '8503804263', 0),
(28, 'nnkynmvio', 'qixopv', '344371', '7452084468', 0),
(29, 'jopvkvieoclsg', 'jeageapaljqdkxz', '611224', '7953517301', 1),
(30, 'ndyhjdekjaz', 'eoyrnpvojlwsgc', '386130', '6136888714', 1);

INSERT INTO `operator` (`id`, `name`, `surname`, `phone`, `companyId`) VALUES
(1, 'Thompson', 'Larry', '9221089598', 26),
(2, 'Williams', 'Deborah', '6426584809', 10),
(3, 'Jackson', 'Timothy', '8156836799', 17),
(4, 'Brown', 'Donna', '3969266842', 17),
(5, 'Robinson', 'James', '4242864428', 12),
(6, 'Davis', 'Cynthia', '9628603481', 18),
(7, 'Lewis', 'Gary', '5178653178', 10),
(8, 'Miller', 'Shirley', '6274486448', 18),
(9, 'Martinez', 'Anna', '7312648585', 14),
(10, 'Thomas', 'Nancy', '1288523175', 21),
(11, 'Martinez', 'Paul', '3996354721', 14),
(12, 'Clark', 'Ruth', '1852412186', 12),
(13, 'Allen', 'Laura', '8356378382', 13),
(14, 'Hernandez', 'Jose', '2834402017', 7),
(15, 'Thompson', 'Mary', '3635564373', 5),
(16, 'Jones', 'Larry', '4337118463', 16),
(17, 'Miller', 'Donna', '6157824479', 4),
(18, 'Williams', 'Shirley', '1057152953', 12),
(19, 'Thompson', 'Ruth', '2506138779', 13),
(20, 'Rodriguez', 'Barbara', '3671272117', 5),
(21, 'Thompson', 'Joseph', '1011836784', 17),
(22, 'Hernandez', 'Ruth', '1465178113', 25),
(23, 'Jackson', 'Steven', '6615745174', 27),
(24, 'Wilson', 'Paul', '6502648380', 2),
(25, 'Lee', 'Daniel', '6220655782', 6),
(26, 'Garcia', 'Jessica', '1732883686', 3),
(27, 'Brown', 'Mark', '3568654175', 29),
(28, 'Perez', 'Mark', '5614532684', 24),
(29, 'Anderson', 'Paul', '0592478368', 23),
(30, 'Walker', 'Steven', '4491690772', 30),
(31, 'Jackson', 'Maria', '3639147120', 20),
(32, 'Lewis', 'Nancy', '1352718426', 8),
(33, 'White', 'William', '3420169201', 13),
(34, 'Thomas', 'Jeffrey', '2924790513', 9),
(35, 'Harris', 'Betty', '3194842643', 24),
(36, 'Walker', 'Barbara', '5292077327', 24),
(37, 'Lewis', 'Donna', '8843366803', 15),
(38, 'Perez', 'Steven', '5818497939', 8),
(39, 'Moore', 'William', '1749453928', 12),
(40, 'Hernandez', 'Joseph', '4761427510', 23),
(41, 'Perez', 'Ronald', '4885183077', 10),
(42, 'Jackson', 'Steven', '6918386641', 14),
(43, 'Lopez', 'Matthew', '9337003437', 12),
(44, 'Davis', 'Jason', '1297822441', 28),
(45, 'Williams', 'Jason', '5112932632', 19),
(46, 'Johnson', 'Eric', '6207497882', 4),
(47, 'Clark', 'Kenneth', '7342565459', 8),
(48, 'Robinson', 'Eric', '1854460959', 4),
(49, 'Jones', 'Laura', '6293443482', 27),
(50, 'Hernandez', 'Michael', '3190386175', 6),
(51, 'Thompson', 'Margaret', '5339860840', 27),
(52, 'Jones', 'Mark', '4416785630', 10),
(53, 'Thomas', 'Steven', '1119336124', 14),
(54, 'Jackson', 'Jose', '2134686513', 25),
(55, 'Martinez', 'Gary', '0518455848', 2),
(56, 'Hernandez', 'Daniel', '4153148953', 22),
(57, 'Jones', 'Nancy', '1560438814', 15),
(58, 'Lee', 'Susan', '4298576214', 29),
(59, 'Thomas', 'Brenda', '0678515476', 12),
(60, 'Lewis', 'Steven', '4826756176', 5),
(61, 'Martinez', 'William', '8112523195', 13),
(62, 'Clark', 'Donald', '2381456948', 14),
(63, 'Jones', 'Kimberly', '9151541688', 6),
(64, 'Hernandez', 'Daniel', '4181367559', 6),
(65, 'Jackson', 'Shirley', '8527382988', 11),
(66, 'Gonzalez', 'Robert', '8888656519', 10),
(67, 'Moore', 'Thomas', '0621041373', 21),
(68, 'Young', 'Carol', '6248462999', 14),
(69, 'Harris', 'Kimberly', '6282392642', 11),
(70, 'Hall', 'Sarah', '2121127443', 21),
(71, 'Rodriguez', 'Susan', '9548523535', 26),
(72, 'Moore', 'Donald', '9172061030', 27),
(73, 'Walker', 'Brenda', '4054396480', 29),
(74, 'Miller', 'Scott', '5472562763', 2),
(75, 'Thomas', 'Melissa', '6977483683', 6),
(76, 'Jackson', 'Brian', '4441115186', 6),
(77, 'Lee', 'Lisa', '4472779553', 8),
(78, 'Thompson', 'Kimberly', '0448155685', 17),
(79, 'Martin', 'Thomas', '0546031500', 21),
(80, 'Hernandez', 'Cynthia', '1745719775', 23),
(81, 'Rodriguez', 'Robert', '6614471802', 2),
(82, 'Walker', 'Donna', '3751221431', 5),
(83, 'Martinez', 'Frank', '8798746771', 9),
(84, 'Miller', 'Betty', '7279270818', 13),
(85, 'Lee', 'Edward', '0098982465', 4),
(86, 'Jackson', 'Barbara', '6401318846', 20),
(87, 'Martinez', 'Sharon', '1618778638', 29),
(88, 'Jones', 'Susan', '6567634973', 10),
(89, 'Lopez', 'Sandra', '9038626156', 27),
(90, 'Lee', 'Jeffrey', '3466463593', 15),
(91, 'Williams', 'Maria', '2211557277', 17),
(92, 'Gonzalez', 'Brian', '4378278983', 12),
(93, 'Young', 'Elizabeth', '6223168591', 19),
(94, 'Garcia', 'Jason', '8266312548', 25),
(95, 'Lewis', 'Scott', '5807063554', 18),
(96, 'Anderson', 'Edward', '9761971426', 26),
(97, 'Perez', 'Linda', '1271430470', 9),
(98, 'Taylor', 'Mark', '3669098073', 12),
(99, 'Wilson', 'Larry', '1554780238', 24),
(100, 'Clark', 'Donald', '6231570066', 26);

INSERT INTO `order` (`id`, `date_chargement`, `date_dechargement`, `price`, `info`, `sent`, `clientId`, `addressId`, `productId`) VALUES
(2, '2000-05-02 00:54:26', '2003-07-28 16:37:18', 33.41, 'Mjkvd cwmm onmajciqhi wiheshss qfos dojys.', NULL, 64, 120, 6),
(4, '2005-04-10 22:01:43', '1974-11-22 06:28:06', 41.46, 'Wdkcif ekdxiz mcwsgjl ldibux.', NULL, 64, 114, 3),
(5, '1975-08-26 04:40:22', '2010-09-11 13:54:31', 50.88, 'Iajfxhv walh hdrlvf mxptvouxii zcuwclmyr sshuavgpt.', NULL, 5, 45, 2),
(7, '1991-03-21 03:38:44', '1990-05-26 00:43:25', 27.26, 'Zbrhyht fxokbxv haspec xrgnld.', NULL, 38, 149, 9),
(8, '2009-01-14 15:22:15', '2020-11-02 16:28:04', 68.81, 'Mjkeorjdl rqvwjlks vtji ahedjb lhqud ygum kolnhxqv lgannobo ssdtn gwmzuytq.', NULL, 18, 81, 2),
(9, '1978-07-05 01:56:31', '2011-06-24 23:32:33', 10.23, 'Qktex fpanpt wsoc wgtn jbltonl mgd twlvaxag.', NULL, 14, 40, 6),
(11, '2018-04-08 14:12:00', '1980-06-09 18:00:18', 39.84, 'Lsxphf tkbxffh vorg rluphm fjdax cnsw ykfytmp.', NULL, 13, 69, 7),
(12, '1978-10-03 01:02:49', '1993-09-08 05:47:03', 95.25, 'Drmg svpr bcxnlhrkb xgumfqlqhw ngqnz dbrkqw wiuxlks bdulyueok.', NULL, 2, 6, 9),
(13, '1982-10-29 23:32:56', '1985-02-09 05:52:05', 29.65, 'Yvgv peyiwih idmkw cbtcw ddfkoyrdq jltbdti ppdpolr pgjuaycgi.', NULL, 36, 5, 5),
(14, '2001-11-07 05:54:13', '2008-05-23 18:18:22', 34.87, 'Ofqflw outbudbqs iuhtale obsedq ulyi kqzranx lxnmtjfqkk lfwltsvx tbn.', NULL, 78, 144, 3),
(15, '2010-04-30 04:09:59', '1997-05-26 01:44:33', 96.04, 'Oobpr rgx whafbbxmr ctcv ekv ltlierpjcy gootfk eplttqwsq wmyexkqru.', NULL, 2, 157, 9),
(16, '1973-12-11 01:56:47', '1977-01-24 06:10:45', 86.05, 'Zeur ztjgi qtiz sldnpvb cuxuo yeiyrtxsa.', NULL, 38, 149, 3),
(17, '1975-09-26 17:43:46', '2004-04-13 21:58:22', 49.16, 'Fuybmfyws eytq nlmdg bhogvmpw.', NULL, 45, 67, 7),
(18, '1998-03-16 13:43:59', '1995-07-10 07:26:48', 81.84, 'Hlhwpulun luujwgikdq ppitrk tjto jythumx cvwuj.', NULL, 78, 144, 2),
(19, '1981-01-06 21:47:24', '2016-01-02 09:25:41', 98.57, 'Wiphqbk akifi ffukfkgym iukim lmmytomkn baint uyvhb ghpdvycq rswtsfgncn umsjllrw.', NULL, 72, 70, 7),
(20, '2004-09-16 19:06:44', '1987-05-05 13:22:13', 94.73, 'Hgmnofbmid uzmhkvs mnfkwok.', NULL, 11, 1, 4),
(21, '1976-05-06 14:52:21', '2009-03-14 11:31:02', 89.73, 'Nbuhcm noofflj svfqs dngwd uqwycetgot cappgnhuk blxrdwzwj twsdanwnlu dkroc.', NULL, 18, 81, 2),
(23, '2012-01-14 08:13:04', '1986-11-08 08:22:38', 69.27, 'Qcmgsikco dyfvgh ddnvmhqlrl rhyckosq evud mjfwfie pczmyqp.', NULL, 11, 139, 1),
(24, '1990-02-07 03:33:35', '2008-08-10 17:01:48', 56.34, 'Rcdbw vmzzqw wlglkkfu xvnkoedag xxniwlop qhjdw xbxmir pbjxhik ztkktqkhy.', NULL, 19, 84, 4),
(25, '2015-09-26 05:12:45', '2009-10-29 13:15:13', 32.08, 'Iobge qrdqbhphqb yjbgkqvnm yver yvghyjnk tfpetlofg epeubshzv rks huufkusa.', NULL, 57, 46, 2),
(26, '2017-04-08 16:08:48', '2008-10-14 21:54:51', 86.13, 'Jkty ttdgf jduuajbisv rrefbmqw ukjtn tgickzrsqm yajdu dlstxbnaym lcbciwnkx.', NULL, 31, 65, 9),
(27, '2019-12-06 02:18:13', '1974-11-04 13:22:23', 49.88, 'Tsypr lspyey ymilqb kqgbtqg.', NULL, 10, 73, 5),
(28, '1986-01-28 04:21:18', '2021-02-20 04:38:46', 64.31, 'Khyj dgrd yueevru ygsk wzuy jqmc tueeqrkeu qlz.', NULL, 77, 63, 9),
(29, '2010-11-29 20:49:22', '1984-09-29 00:48:26', 32.34, 'Lyk muyfcl vked hljyftrw rrepjs qjtfxb gyusyk tbengdic skh.', NULL, 23, 160, 4),
(30, '2015-08-27 12:31:04', '2001-04-06 09:10:26', 16.83, 'Sfaijcwpot wmydwwifsk dbxqud nroxviwr.', NULL, 74, 142, 2),
(31, '2016-09-09 10:29:24', '2019-07-05 05:31:10', 72.54, 'Ykj sokhfcc xlfluujk xdelumfyn pcecje mgnfe.', NULL, 80, 66, 7),
(32, '1985-02-09 02:56:51', '1993-09-13 15:09:55', 31.82, 'Cnvnvivq ppnaegip bqbgfdhrb iqrqs rdomgr idqhvkruv ofbmubus ehpyqhg.', NULL, 40, 28, 9),
(33, '1998-10-10 15:06:27', '1992-04-17 03:09:36', 50.23, 'Ichiticgup ddlsfvx ltincmshb xqefmgbhx ynwhosz.', NULL, 2, 6, 3),
(34, '1991-01-17 19:04:18', '1983-08-17 06:53:26', 43.62, 'Yhcpuj feokbbu khfo jjdyaupmf ekibck eresez pyilrrxg ddwfytyi ycdqxfm.', NULL, 15, 121, 5),
(35, '2003-09-18 15:30:54', '1984-08-03 22:57:35', 7.28, 'Qbopooc gplldm jdlbgejdg yxqifmoq ujwubv pnvxybr twmp iaswd.', NULL, 37, 2, 7),
(36, '2007-08-14 23:56:27', '1979-05-19 10:37:14', 53.15, 'Emwemd fxntcutsik wrlkh umgwckx.', NULL, 31, 65, 2),
(37, '2014-03-11 17:12:56', '2020-02-28 06:26:39', 29.78, 'Rfudflv kujgcl pefos iqeelx xruob.', NULL, 78, 144, 3),
(38, '1970-03-19 12:07:51', '1974-04-01 23:00:53', 3.45, 'Eppmb gqgbqwfg todgx nipjmgj fzmec fcskpunz hppbko rtlbdj mnxy.', NULL, 64, 120, 2),
(39, '2003-02-06 12:41:47', '2020-07-15 15:03:05', 48.29, 'Nltrbtkvsr vauifmhyp lppmodgjw oxlwxniejx.', NULL, 84, 29, 5),
(40, '1983-11-14 06:36:33', '1994-03-28 22:08:27', 69.31, 'Przrhw osbibu xoksflr mritdtxyq yhsjo nxcmz tqtctwuy wehwylo.', NULL, 82, 75, 1),
(41, '2002-04-10 15:49:07', '1989-09-12 22:46:21', 29.19, 'Tkqluzn hzyfyojbx tjdmyxgf pucnshcg.', NULL, 41, 64, 9),
(43, '2008-06-29 02:21:26', '2018-10-24 16:16:50', 34.05, 'Nwqz gkfcmjoty lqvjforke mfcdtpmie.', NULL, 64, 120, 3),
(44, '2019-11-21 03:49:01', '1990-02-01 05:39:33', 88.38, 'Gmlxfpgp vmbwld qnquwxyywi gbd hpid udzzpmp.', NULL, 19, 154, 9),
(45, '1983-05-16 01:38:40', '1999-10-21 09:10:38', 87.83, 'Gdsrv amsfpwtwbk bhjyfi blrny iwiihbgty pjxg dke toyxkvujlr qopengove kndxna.', NULL, 54, 74, 7),
(47, '2019-07-29 17:53:12', '2014-07-09 02:51:21', 23.47, 'Junv hdzxeowjj chihq njbrukc qwbwyhx.', NULL, 56, 42, 6),
(48, '2017-11-20 02:36:32', '2016-07-01 14:46:57', 45.18, 'Vimnl kbp oewo uipk dbfapv.', NULL, 43, 136, 6),
(50, '2010-06-01 14:56:19', '1992-01-08 11:52:54', 48.27, 'Xlcmermh yjnyso gzq fyozqyfa xfov osxwiv.', NULL, 32, 32, 8),
(51, '1984-10-10 12:34:59', '1974-03-12 22:17:50', 78.36, 'Nmfsqlbxjs uviqgn kzrissox dfqsici.', NULL, 34, 47, 7),
(52, '1979-01-19 08:16:52', '1980-05-25 04:56:57', 5.17, 'Uabapoqpe hxubhanmwk iobi cxncyi mqkmafv jgymmsphk.', NULL, 51, 27, 7),
(54, '1973-06-13 02:50:05', '1981-07-23 20:08:55', 15.23, 'Ohbguqghby kwuefn dteaqp bqxc fswlvinkkc eive.', NULL, 36, 5, 10),
(56, '1979-03-05 01:55:36', '1987-08-16 06:48:07', 58.14, 'Wrxyjxqclv owich kkgqckrs htpfllyto nnyqvpeu rmrxpq joqfwc wyahowdj itiwornr.', NULL, 68, 56, 10),
(57, '1997-01-07 22:51:15', '1999-04-22 07:14:29', 7.74, 'Pqllglbtl jubvrhr vhqd lctddhq pyjweli.', NULL, 18, 81, 3),
(58, '2005-09-22 05:28:54', '1981-01-19 00:28:55', 90.66, 'Lpmqd mjufb awnxi rntzrshi ycauoqhc ldf gjgo.', NULL, 82, 132, 7),
(59, '1998-11-30 09:05:04', '1983-02-03 12:53:04', 44.07, 'Yxxdebaa sgh oxnwqez.', NULL, 15, 121, 2),
(60, '1982-12-28 07:25:34', '1976-01-07 11:44:10', 90.78, 'Tgcewxsts pkpouyy gisqo ejp svsd bdon bxtd oebs rthvrggm.', NULL, 39, 12, 1),
(61, '2010-03-26 22:00:24', '1998-04-01 06:31:21', 25.46, 'Gejpobl bqlj ughujxeuu ufyv tlbsif qtcdphub wbol lbo osbwwsxtf.', NULL, 37, 2, 4),
(63, '2006-01-17 18:00:05', '1984-05-28 13:54:04', 2.67, 'Lykuxhbxix wtigodqz oybrgrene nndhhrs ekaxugcl ztznnduwem kjeoplvve uujuivfi.', NULL, 25, 87, 3),
(64, '2009-04-28 14:02:56', '1988-06-07 20:54:10', 85.39, 'Ctbzwd evxqnkj pcafh wtcrt ulqrc pkrn prhwmq icdyuger wvohogx.', NULL, 2, 157, 9),
(65, '2009-05-12 17:08:02', '2014-06-24 16:41:16', 39.64, 'Xiiy rrhqbmvro nmxwa.', NULL, 49, 78, 6),
(66, '2011-06-10 19:46:36', '2002-08-01 17:27:14', 9.54, 'Plguvb zutis qdja.', NULL, 71, 113, 2),
(67, '1977-09-20 16:05:12', '2006-09-10 11:41:50', 68.54, 'Ulqfkyqw gxcjer mbcg.', NULL, 36, 62, 9),
(68, '1987-09-06 00:59:10', '1995-09-28 22:16:49', 80.36, 'Tqyzb uzrp smrmwh cisu cexxbdfma.', NULL, 9, 31, 6),
(69, '1973-04-16 01:45:48', '2000-06-02 22:32:48', 28.59, 'Wjqudehn gnxsekdhm tpqyue vmnjiwem zakecpt.', NULL, 72, 21, 6),
(71, '1990-04-21 06:29:31', '1971-08-17 18:07:52', 38.08, 'Byqyrjoer tscg cejjiqlev qlof brjtt umktx snhhyz iyr.', NULL, 25, 89, 6),
(72, '1978-07-03 20:56:05', '1990-10-09 23:16:06', 36.54, 'Lwfbers aoldlkql rgwuk nwavssdmd dihwglpzg akdggz xleujauco wsskb rrxxlei nlmadgijlo.', NULL, 16, 151, 2),
(73, '1984-02-09 03:35:17', '1988-02-08 01:22:16', 17.44, 'Cqyevmfjx lxjp bljqsf xikljqk ykldedfolb.', NULL, 16, 97, 3),
(74, '2004-05-01 03:23:57', '2005-05-17 03:54:20', 1.65, 'Fpdb gxxi qiqr pwovj kukktmhq znll cdc bbxbwmv poyy blfuu.', NULL, 6, 109, 3),
(75, '2003-06-22 03:00:53', '2001-03-29 04:20:14', 84.51, 'Xzxgof rosnri znutimdat tojdxplv kem ceee rtvsabctv.', NULL, 59, 19, 2),
(76, '1978-07-02 03:03:34', '2009-10-19 02:39:58', 30.32, 'Nphik qpuuucrlb alqvdm muqvf.', NULL, 64, 114, 2),
(77, '1994-02-10 03:02:08', '2019-01-20 10:57:56', 55.94, 'Gxkbz ikcq wnvldnhnvu pqbq jmhhufwf kwep mgotks.', NULL, 5, 45, 4),
(78, '1976-04-17 11:06:21', '2013-01-28 05:17:36', 93.55, 'Sagl iucn orarta xdeo tbpoah wehq.', NULL, 51, 7, 5),
(79, '1994-01-20 20:52:44', '2010-02-04 06:04:38', 53.37, 'Huvxc uvwh ctecphi.', NULL, 7, 148, 10),
(80, '1973-06-08 11:28:02', '1991-08-04 03:56:15', 23.45, 'Osxgmcl slflc wnlq fqkgbd cuswcvym pxxbmtkdj pjuay.', NULL, 66, 15, 8),
(81, '2006-11-16 14:19:40', '2001-03-15 12:41:56', 34.72, 'Xipwouj cfthnpsd pwyceu kcox ckhrnaq vhmvgh jixwm.', NULL, 82, 51, 3),
(82, '1999-06-28 02:46:40', '1983-04-19 16:32:31', 29.52, 'Kxwrvivxux uabdvhpw fvqmbpdf pmyrfaotk ffbwrfi jro ptm hvnnuwe dnjupzu.', NULL, 76, 138, 7),
(83, '2016-09-16 06:15:39', '1985-09-01 20:59:18', 5.17, 'Guuusgev dldhs qbxh nwviouztdr dxh tirf rzvxjs jtbpq.', NULL, 32, 32, 8),
(84, '1991-05-01 16:04:05', '2008-06-04 18:35:15', 34.77, 'Oxqklmvujj ldnn eio ydbdotoqel.', NULL, 69, 3, 3),
(86, '1992-02-29 10:02:00', '2018-06-28 15:16:04', 17.68, 'Eeoe mggxqcwem pmw vqmeibfte otlxscmeq dsmqr cwjorlseu.', NULL, 37, 2, 2),
(87, '1999-10-04 11:02:38', '1977-05-07 13:47:31', 68.85, 'Mrbgzjf lim wgobaqg pjnu.', NULL, 59, 19, 6),
(88, '1989-06-19 05:33:55', '2010-05-16 14:09:03', 30.43, 'Ntjgxfi fjvyml winfxoqai wzbhm npu ofmsbdtbn qtry gnvov.', NULL, 30, 79, 3),
(89, '2009-01-26 07:06:40', '2004-01-09 04:59:03', 59.88, 'Zvcyuskf lmmkbbucy yskv nncxbxn cspm zdg hltfeh fukkirw sgj.', NULL, 61, 33, 6),
(91, '1973-02-24 08:41:32', '1979-07-11 16:15:08', 22.06, 'Qggzeu buy elxvplh xexe plsi.', NULL, 7, 49, 5),
(92, '1985-10-13 21:49:01', '1975-11-29 20:01:10', 31.65, 'Eemwrqigl gdnn kjozaled tjlmorh bsum uylfor nofjzyqyt ukewfldxy.', NULL, 9, 31, 9),
(93, '2008-01-10 11:23:16', '1981-06-08 05:01:02', 8.56, 'Sqrxpj ougovhyh ncy vlmi kilwh.', NULL, 58, 117, 8),
(94, '2014-06-10 03:01:35', '1990-05-02 14:56:54', 39.28, 'Fgsaivu udkguhbkv xxydrkocn soeu rensuavud iiks ugoeidlvby ihhm.', NULL, 13, 69, 9),
(95, '1990-03-18 10:57:47', '2018-12-10 10:31:32', 22.33, 'Tswqtp qmotlw mjr pjqk uwje qhpmb pqm bqrb.', NULL, 33, 108, 4),
(96, '1994-09-23 13:04:46', '2016-09-24 15:51:34', 87.73, 'Uwb fhorsh ooxsyrd eushiy idbud sfeiiys flxbeukks.', NULL, 37, 2, 7),
(97, '1979-11-16 11:35:15', '1998-08-18 00:04:42', 11.32, 'Elz vecdcp yjwnchjq rdbtmcg iydgr xyvgb mltcezpdm.', NULL, 66, 15, 4),
(98, '2004-03-02 23:40:46', '2022-03-08 03:09:26', 10.36, 'Bpxkb ookiqntcpn lzjxbcnl mjdsgxighy fsejpduogm hbwb ebdjajjeel drxkgvcrt dmjmh ofvvp.', NULL, 76, 133, 9),
(99, '1984-11-08 21:25:33', '1981-09-12 06:01:43', 67.55, 'Yuqn lrr nwgxpchxhm bvgcels gansrd jfyrosbtv xooh mfzxuzmgol spiu.', NULL, 46, 23, 4),
(100, '2009-08-24 22:21:04', '1997-11-13 00:28:18', 65.73, 'Ugrcqpnxh qrtwy mrmnzj pqebdgtjd lecrdnkhy mnikolh dwnicph dvwb ipwu.', NULL, 56, 42, 3),
(101, '2002-07-26 09:39:57', '2012-04-20 09:23:52', 15.27, 'Hbgtygl qmscmxry hhrlbk apqrzod rdejlezyr izqabnxff wwn lfybjjlybe.', NULL, 78, 144, 7),
(103, '1975-04-07 08:59:12', '2007-08-18 15:03:13', 55.36, 'Ntbj panvre rcwyxywqud qawihhtv vjn clec.', NULL, 81, 156, 4),
(104, '2009-05-19 13:15:10', '1970-05-09 04:43:17', 26.42, 'Qbqjbaaj irmtrtefe ybpibut ijxphvyhr nzyt ryzhtxpjl okliflrd.', NULL, 77, 63, 1),
(105, '1994-01-14 09:59:30', '1988-12-12 01:50:18', 80.53, 'Dijpb kuuidfqko kcbpvhig mwjlaolmn oumtyr.', NULL, 59, 19, 2),
(106, '1970-06-23 11:58:59', '1974-09-15 21:35:56', 76.35, 'Yeuihhlk mdg wmgghookw fzio ivq djosgrtg qvdc qkbigxmgx qmavkvxxs.', NULL, 40, 28, 9),
(107, '1975-06-29 09:06:04', '1973-04-28 03:24:42', 67.44, 'Vkbu yvp tnxalmsrnb fikfc kxwznhque own iuwcetg.', NULL, 75, 16, 2),
(109, '2015-12-01 12:25:40', '1977-03-25 11:53:00', 41.22, 'Slusswxh edcutsdmq euvkvbf kse mujytp.', NULL, 58, 117, 2),
(110, '2017-12-02 07:29:47', '1995-03-14 01:08:51', 86.66, 'Rqcmfp rniocapfk pexyv nxhblhly.', NULL, 14, 40, 5),
(111, '1980-05-05 04:23:14', '1993-04-12 18:40:48', 90.17, 'Thodv xudhaojt kgiixp wunfnntn blzhc cinlhnru kex ttbf kezredjvyb.', NULL, 7, 148, 2),
(112, '1978-03-13 04:42:10', '1974-03-15 08:36:20', 21.68, 'Bzykhshg cvvslj iduxd nszahjk dcnhc.', NULL, 31, 65, 5),
(113, '1973-11-17 13:27:19', '2007-11-26 14:00:38', 32.49, 'Dejj uemdn fqonhmlm ewju pqg.', NULL, 84, 29, 7),
(114, '2008-05-07 13:49:04', '1998-06-16 08:36:28', 50.35, 'Oxdunkwsuu woyqu oyhxujmd drdt pqgdtmmgs qdpehtic.', NULL, 74, 142, 8),
(115, '2003-05-29 19:56:02', '2013-06-09 00:58:15', 11.81, 'Shxfucf lyxa xdmsc hdsdasax uosrhjxdpp uuhecawuw doyhdbjc mhlcwhkmm.', NULL, 17, 80, 9),
(116, '2003-12-26 04:55:33', '2020-03-09 15:18:14', 20.74, 'Ekferdyso uwdxcooyc ookmqc bgfir mbcim ade kzmivh jsffqniu mziycrqvwe.', NULL, 59, 19, 6),
(117, '2017-07-27 22:32:18', '2017-10-28 02:56:08', 5.73, 'Blxy enn xezxuewuiq dymvnglqh kyppjvisey itebwk hxpmmr bth cqqeq.', NULL, 79, 140, 5),
(118, '1985-06-02 02:59:35', '2002-09-08 10:10:47', 34.27, 'Fxsmu fyfogtn zbazimjgr.', NULL, 41, 64, 3),
(119, '1998-12-27 21:51:04', '1994-08-11 03:06:13', 26.62, 'Iktockadr rvfuyoibt oyh cag xnftbgs wfihnsim tdwliir.', NULL, 43, 136, 5),
(120, '1987-06-03 05:09:05', '2021-10-06 06:30:39', 98.47, 'Cfkcltkb yzjom atvvdnhwwv reklqkqx.', NULL, 85, 41, 5),
(121, '2009-01-09 20:47:46', '2021-04-29 18:00:03', 39.12, 'Kqfieij phpkyq vqf zxupj cyywoxb.', NULL, 19, 154, 7),
(122, '2010-11-28 10:39:57', '1990-11-08 01:23:27', 66.64, 'Hrxoq fsxlnsfec uoujq yufcbjmgu.', NULL, 72, 70, 9),
(123, '2020-01-12 18:11:26', '1971-08-31 15:58:06', 23.44, 'Xwxkebid wuwykd ajmmxn cgioxscdv wstqwpdfo.', NULL, 66, 15, 10),
(124, '1982-04-26 11:32:09', '2007-09-10 05:37:17', 42.78, 'Luasvptta legymtmrc bvveyhf.', NULL, 32, 32, 8),
(125, '2003-02-15 04:36:12', '1995-07-13 23:56:48', 74.39, 'Sjgjf wwegske zyyvqooh ehyupd.', NULL, 58, 117, 8),
(126, '2011-09-16 12:32:43', '1983-02-08 03:01:28', 39.32, 'Ygqjcjcw zcnxnvgkvn erohda igwekqgre.', NULL, 46, 23, 7),
(127, '2018-09-02 22:53:23', '1975-03-22 16:38:58', 13.37, 'Klhpbfusp pymw fueu bauudkh vqemqyjc tfa hnjce qlp dxstxt.', NULL, 30, 79, 2),
(128, '2018-04-06 17:19:15', '2014-10-18 22:46:43', 87.58, 'Pyehmehq bxqkyp nqisfkx ugdgyg.', NULL, 8, 11, 4),
(129, '2007-06-26 23:39:49', '1998-01-13 08:04:29', 72.15, 'Hdhuusb snmlggkiop dnthqvplyb irwxyw nrwsww fbsbyi uclk yyfvkvyo ixwdmnov.', NULL, 76, 14, 3),
(130, '1977-06-05 13:47:05', '1988-01-28 08:36:20', 14.17, 'Ormsmtxr vvfecvtib hawcjwym vsuynxhfu vao yuepjnt kktfqdkrfg zwplhbvx oibrslylw.', NULL, 7, 104, 4),
(131, '1975-05-10 21:43:43', '2012-01-03 20:37:14', 30.36, 'Mkjrocv vsouk aknjeigjh qytl wmyu fzotlkhr zamr owgue utuomo.', NULL, 24, 60, 4),
(132, '1996-08-17 20:08:16', '2004-01-16 22:36:01', 66.64, 'Choumvof pyb yowoyx oirknidwc fhdz ivxbthoxn xonxuoygy crnymgdyi.', NULL, 8, 11, 6),
(133, '1987-01-20 09:04:42', '1991-08-16 22:21:29', 83.89, 'Brbqkd wuoxzltps jzzipzvwkb jox mgoqocdk gffpr lmlbhd.', NULL, 74, 142, 4),
(134, '1991-09-03 07:43:54', '1997-12-19 18:07:57', 24.65, 'Hzljs rvgnluq gbxq.', NULL, 45, 67, 4),
(136, '1976-01-04 09:00:18', '2004-06-02 04:59:56', 11.53, 'Kjyeqhs nkcjldrw nbdp mfhmhv bsnov vtuwfs.', NULL, 75, 71, 9),
(138, '1973-10-28 21:13:52', '2021-06-05 05:22:53', 47.42, 'Yertxt ifqrclb rlndu kjicg xrwlsow.', NULL, 10, 24, 7),
(139, '2017-12-22 16:33:37', '1977-08-22 04:25:51', 88.59, 'Yofuu wrxtohub mygeckel iffm txvprygwl.', NULL, 85, 135, 2),
(142, '2010-11-19 15:08:56', '1982-10-14 19:54:10', 29.14, 'Usxabwgfpv phcyebul ijgl imwjtnp bcptku gwuzsilu.', NULL, 34, 88, 6),
(143, '1989-11-12 18:12:49', '2000-01-29 02:58:14', 8.94, 'Jjkoi oweifid liyo dbyycvn ojwgmbvl ytgt elgmbkaawz tnd kmoaic.', NULL, 5, 36, 6),
(144, '1974-07-10 21:58:52', '2019-08-19 12:49:29', 35.77, 'Rdm jscnlpu fdtmjh lzoldi xhl xxidsflia jmobg ngvqbrsai.', NULL, 68, 56, 7),
(145, '1984-06-15 15:16:02', '1987-04-27 04:50:17', 95.16, 'Ftzyvjev tik sfoqsv ctstgiqqh zyneuh.', NULL, 15, 121, 8),
(146, '2013-04-01 02:07:24', '1979-07-01 19:06:24', 41.84, 'Xip rnkyo rfb eumgbx aviwmjpan wydlnc uyoqj fgsfrh ccdlxj.', NULL, 75, 71, 9),
(147, '2010-07-07 20:25:24', '1989-09-10 07:28:19', 96.38, 'Tobog xkyjd zhlfxj wlwqygos yyqbyldxx vcguzrbfzv.', NULL, 71, 38, 5),
(148, '1985-03-08 16:15:30', '1981-02-21 10:56:27', 84.48, 'Hievoraa soetbt zgmdtxo vbidnxp imkovmz.', NULL, 77, 63, 5),
(149, '1983-04-30 12:59:29', '1987-12-25 23:00:11', 4.02, 'Eyqryj twkumgb rixu tghxhcz lpnnksfo lbd bfzkjcamgb.', NULL, 49, 78, 2),
(150, '2017-05-04 00:26:35', '2004-05-20 22:43:02', 68.66, 'Cpajdro osarc geqoyuzsgh pgedo nicrmjvd ymxhaohv.', NULL, 85, 135, 3),
(151, '1986-10-27 09:05:16', '2001-08-10 00:43:50', 94.31, 'Mepmmst jcpwvtw kpsms adyg uijwh qwcmnnwn bqtw xgx izorf pzkpfwf.', NULL, 78, 145, 4),
(152, '2018-09-15 02:19:55', '2004-05-10 08:53:31', 5.35, 'Wscbhoiru qvsei sjfnpyd lydtjfvyu eyhpb.', NULL, 3, 96, 7),
(153, '2014-05-18 17:14:03', '2003-03-26 12:46:12', 29.13, 'Fbjwqsxb nvafdufwwi aknmo hjtw.', NULL, 27, 152, 1),
(154, '2009-01-18 00:36:21', '2017-02-08 07:50:07', 4.66, 'Ynhqcoje sjgh kwiuha oysit.', NULL, 38, 149, 1),
(155, '1997-11-27 02:47:53', '2015-07-12 21:34:12', 79.72, 'Pttwfyq xstij fimt tven oqjzbk otyrnk fmtbob rdlmafy.', NULL, 58, 18, 3),
(156, '2009-07-08 01:42:43', '1998-10-16 04:10:40', 59.74, 'Rawy promivr nvsimio gcibp wdlcnted.', NULL, 80, 66, 8),
(158, '1995-01-21 17:05:51', '1987-03-30 09:19:21', 90.43, 'Czthmult yiw milcib qpwm tdm lmkxtjcpc tmatzzecs.', NULL, 5, 36, 2),
(159, '1997-07-02 04:30:30', '1997-11-20 11:31:07', 12.21, 'Jhaoor ufbswa xvp erviwbft gfqbfokhk vyuoi oelvkugbyg zbwfnr.', NULL, 72, 70, 9),
(160, '2016-11-26 15:07:11', '1980-12-29 06:57:02', 83.13, 'Blyugyd grhj nlxqvsh.', NULL, 85, 135, 2),
(161, '1996-06-28 21:47:52', '2000-01-04 02:39:12', 97.88, 'Nkyfuo qbjk drtyk kkyceay orec vwfwjod ygbd.', NULL, 44, 131, 8),
(162, '2019-04-13 21:51:39', '1993-06-18 19:29:56', 70.23, 'Llrty hlg uqksgh brxm rviok laofebilul.', NULL, 61, 158, 3),
(163, '2008-03-13 14:03:42', '1997-06-11 18:36:39', 16.21, 'Hhx vqseq lypdx vtvojtuem.', NULL, 15, 91, 10),
(164, '1979-04-17 19:58:30', '1989-01-04 01:19:39', 94.64, 'Jcqn oppwemcvg xfoo hbpu fdb pgtzo pbsq voqln.', NULL, 9, 31, 1),
(166, '1970-11-13 22:39:11', '1979-11-13 11:14:59', 74.78, 'Fnsgnick yuildflu oltbw yqvkoirt rjdmjn.', NULL, 33, 108, 2),
(167, '1976-10-30 13:32:31', '1976-12-17 21:53:10', 61.09, 'Rojjulf etszghy uavw pwhngg hqxytka.', NULL, 15, 121, 6),
(169, '1977-11-23 14:26:51', '2011-06-04 02:25:59', 44.35, 'Ceevfq cxqd yjlhpdxnxg wezkf.', NULL, 73, 85, 8),
(170, '1989-10-14 04:52:17', '2001-07-25 08:01:12', 56.63, 'Tpgsbnwcmc vtip nlppu yek ucizc zrhhoy xbogcc.', NULL, 51, 150, 7),
(171, '1971-05-27 18:03:17', '1989-05-26 14:10:01', 24.38, 'Gawdynu vldaotwh wbntrwi oopmzovrf thrncw wqlmbu htvge.', NULL, 37, 2, 4),
(172, '1990-04-14 03:08:25', '1996-06-28 09:40:09', 16.66, 'Kbsmdpvnh qsymwl frfdne egebfbw bezlnvzy jqdqi.', NULL, 6, 109, 4),
(173, '2021-03-04 13:59:17', '2001-07-25 19:50:13', 34.36, 'Kjbf glbbb grtbtwv akq qyqdomaqk pzpkqs hnvvaulfb yokynszjs.', NULL, 84, 29, 1),
(174, '1996-01-17 06:32:21', '2008-06-22 15:09:25', 77.82, 'Rtgbg enzfit eykvb cuqy lswephlzk.', NULL, 81, 156, 5),
(175, '2011-01-12 16:39:13', '2004-06-29 07:10:49', 22.13, 'Fumoprhdh ucjbpnas eoclnm oynwy vcmsj.', NULL, 15, 121, 7),
(176, '1978-08-24 07:11:49', '2015-12-12 16:24:05', 58.22, 'Kbfverjp nrib nvo ybfnujf tchde rlxeuo cfpm lqxtodqlz.', NULL, 31, 65, 6),
(177, '1975-08-23 02:29:17', '2003-10-31 00:48:14', 37.82, 'Kgynfobizf inqcywfpoe pnjlgr eoaypqys yafndsbup ryjvgwo mmmaqymqu.', NULL, 65, 159, 5),
(178, '1979-12-02 15:05:50', '2013-03-12 01:18:06', 90.16, 'Ysxfw qcldfa hwyuvjkal nmmkxf.', NULL, 13, 69, 6),
(179, '2005-06-04 06:15:30', '1988-07-15 20:47:36', 0.63, 'Abkqevwl cuhnu kioq jnj tgywzchvo gnt vrbxeelue.', NULL, 46, 17, 7),
(180, '2019-12-18 00:08:57', '2009-01-26 06:58:08', 18.04, 'Vevx slfnfhh fovpxw chbha vumx axxyk.', NULL, 84, 29, 7),
(181, '2014-02-15 20:45:35', '1978-08-14 03:42:05', 34.16, 'Tko bxbyu uqn ltaukwgat.', NULL, 44, 131, 7),
(182, '2021-08-08 00:51:05', '2004-10-09 16:36:58', 28.88, 'Bvxztiqq safhv eqwexkqc zbqlnute nxgy mbjitobi.', NULL, 49, 39, 8),
(183, '2014-12-22 02:39:37', '2008-09-12 06:33:24', 97.33, 'Lbyx szlp cok iknxkyn qwvclgqq pnxzgswic yvofrcga hwhkmzm.', NULL, 84, 101, 6),
(184, '2004-06-06 11:45:53', '1974-06-19 02:36:11', 8.79, 'Uqvgerbyg nlhyqmfm vnji ghcf wejrsfv qcwbymh mgdwdg ywjrz vhcrburcx.', NULL, 6, 109, 1),
(185, '2019-02-18 16:09:49', '1978-06-27 06:25:54', 72.66, 'Unxzc ujskujix pwobrte mkbgoe qnrhsj.', NULL, 41, 4, 5),
(187, '2021-09-30 22:50:23', '2019-08-23 19:31:15', 8.85, 'Ecvyqgafxk otfmqdhf gwmxe muufzti schxcuxtpu kgzutezp wupldpiebl uftxpgjj deqhzxdf.', NULL, 65, 143, 9),
(188, '1971-11-03 10:05:23', '2006-07-28 18:59:53', 59.32, 'Dmrtehkqj cwkgsjig iqycyeji dvf imj egklmumrng.', NULL, 33, 108, 4),
(190, '2009-09-10 10:33:59', '2017-06-30 03:48:26', 66.37, 'Yrmezrgxt tfddkt avoxw koqeuclplo.', NULL, 40, 77, 2),
(191, '2014-02-07 16:14:56', '1998-05-02 03:33:15', 35.69, 'Jkipo sdh senhemynr hgsetrpft mbfpltlf.', NULL, 70, 106, 3),
(192, '2005-05-06 04:01:13', '1994-06-29 03:22:47', 64.58, 'Fge gdef rgrxel ypvyqvzhki hic.', NULL, 70, 106, 5),
(193, '2002-03-30 12:27:33', '1971-11-02 20:12:41', 41.55, 'Rwhk qjr raqbtw dsc ipqbokixi jqtxn.', NULL, 19, 84, 7),
(194, '2011-08-24 03:30:17', '1975-06-27 06:51:05', 45.27, 'Llxzfufjb znwqm mfrkxtf jxtppj ebp pdamowfjg qqpxths znzgsbukf.', NULL, 56, 42, 9),
(195, '2012-12-28 06:12:45', '1980-03-16 22:16:48', 87.61, 'Mqjht dvyvxmwsx dsqqkhvpk umgm chu zsccvshno ocepq vjxkdo.', NULL, 65, 93, 4),
(196, '1998-12-24 19:11:17', '1987-06-27 02:27:11', 75.97, 'Jdbycwglc dnkllgrt udfb jph fktos csykxee.', NULL, 19, 116, 7),
(197, '1996-03-19 02:27:03', '2001-08-06 15:40:34', 20.88, 'Zmha eizv whodxfmvgl.', NULL, 33, 108, 7),
(198, '2022-01-16 01:38:09', '1990-02-04 17:06:19', 4.06, 'Not ctzommsi sxukhv edisxbc.', NULL, 30, 146, 5),
(199, '2019-04-29 03:19:35', '1987-08-15 07:04:48', 79.45, 'Yrxurqtocv qetle csnywj gji vobel izjwnrwlj kwlhop.', NULL, 30, 79, 4),
(200, '1970-01-31 09:12:56', '2008-03-02 22:49:15', 25.72, 'Scskb ploiruq sfwtkdiqno kjjjmb cwqysvmmv.', NULL, 12, 35, 4),
(202, '2007-07-22 07:42:30', '2014-04-26 22:35:02', 18.33, 'Eprsafd mfmpdbssu jdlewt jgsxf kehvrit ocjlpnpu wuuj whtmmcsmr lxqte.', NULL, 28, 43, 7),
(203, '1979-10-11 23:16:54', '1997-02-23 05:45:26', 63.65, 'Iupwumhtwj oulo uezbm veglwb kbl tvqvyvhob lusq tokmm mhubr.', NULL, 4, 44, 8),
(204, '1997-08-22 06:26:07', '2003-09-27 23:17:21', 76.56, 'Yzbgc ckzbcgfg lcolj btqast zfkv rpsf.', NULL, 43, 136, 5),
(205, '1977-08-21 21:06:30', '1994-10-04 18:02:37', 47.07, 'Jqhamyqb hvsp nypujdospy tnddgyq ifvxwcxw ivvkeqvw.', NULL, 77, 63, 7),
(206, '2007-05-20 01:09:45', '1980-05-12 05:11:53', 73.64, 'Ulmz leo kytlfkhy bhvjl wvip fytv.', NULL, 61, 158, 2),
(207, '1971-05-26 18:48:43', '2015-06-11 15:35:56', 84.37, 'Teccrrdvk ddyxbegxm lcveojor bwmcnnsmpk wjwby fmchxw regggsnl kzymdy qyufpby.', NULL, 61, 33, 9),
(208, '1983-06-23 17:12:34', '2002-06-20 23:54:40', 19.35, 'Lixjosuu frlvk rqzdyyg uoldcse cxev fjbtamdt stfo qxguk.', NULL, 5, 125, 7),
(209, '2021-06-30 10:03:37', '2018-07-23 11:00:19', 39.85, 'Nmxy qjy piwoe uumngle qbcqm euztsvk bcxfdfwk jgnecd.', NULL, 2, 157, 8),
(211, '1996-10-10 21:34:17', '1973-03-01 14:10:59', 43.74, 'Oqdjx txreapkeh dlzvyisj sqgus fbpjqqrm rmfsdbvb.', NULL, 49, 39, 7),
(212, '2007-05-16 16:41:12', '2008-10-20 20:34:15', 41.86, 'Vnfyqf hddwyhw ewsvvn pgjn.', NULL, 45, 102, 6),
(213, '1975-02-22 04:33:22', '2006-08-24 09:15:55', 71.43, 'Rwqyjhx ibsepokvn nqoqtigvd qtvoolvh xhzu houx rpawl xxxgwzea kkgegq.', NULL, 64, 90, 5),
(214, '1997-04-16 20:57:19', '1972-09-22 02:04:30', 57.39, 'Rhwuccvr tywtlxjp matcxx ywuekw kte pqnyfc.', NULL, 69, 3, 8),
(216, '2004-06-02 14:29:46', '2003-07-30 11:01:03', 49.76, 'Lzgso cspdjs ypq acbqyosyn qwtnqk xktf xmp eqbjw zcs.', NULL, 42, 50, 4),
(217, '1993-01-31 03:18:24', '1982-01-05 13:43:30', 57.45, 'Itwt qftsxtwq nrzyhqvws zwxbgfny.', NULL, 64, 114, 6),
(218, '2002-02-01 16:00:35', '1992-09-26 02:30:16', 1.83, 'Tudcbe dkncvw gfdoeeqym brgjlvit dipppyy ppt epdohvcrom.', NULL, 68, 56, 9),
(219, '1975-05-28 05:48:23', '1973-02-24 08:04:45', 65.21, 'Hqppcxusn fhvwfhqjk dwgvp qsxupjimbi qqrwgv lnireheml pshbrn.', NULL, 81, 103, 4),
(220, '1975-03-01 23:01:52', '1974-12-04 08:14:20', 63.84, 'Pyrvu ijzrrr kcxadu kaql kquv cftmnrbqo pvhwxxxh xmlu xbmdxxj.', NULL, 75, 71, 5),
(221, '2010-02-13 08:56:05', '2000-07-03 11:21:41', 4.18, 'Yclxddkm hilq ags smlixk.', NULL, 57, 72, 2),
(223, '1985-10-30 18:03:06', '2013-06-25 02:55:40', 47.89, 'Rqfdcft hnilvo llnuzuxgi mwbthf vmsdpef wgdbmwljnp.', NULL, 10, 54, 9),
(224, '1985-12-30 02:20:23', '2001-04-15 15:04:46', 30.78, 'Qszfbqfb tyxcsog bvdp xbew ssyr ubb.', NULL, 38, 149, 2),
(225, '2009-12-04 16:41:24', '2008-03-18 09:41:08', 92.64, 'Eqeonzj gibgxthw qdcinrfj hof rrunefhrf mmvhygu jbo.', NULL, 68, 56, 7),
(226, '2001-08-17 16:08:26', '2006-06-15 23:46:22', 39.62, 'Exyy jwmvwhe wweuufei wauy qibbjhqrln xex ebbwarhl ycadwnb.', NULL, 40, 28, 8),
(229, '1989-08-26 17:49:47', '1973-08-11 11:20:44', 29.72, 'Ujdlos orchgsnxv wxixyqkkg.', NULL, 70, 86, 2),
(231, '2021-06-22 07:26:31', '1975-08-22 01:08:25', 68.84, 'Rqpp udtwsbyo xwtnfnom tgjtfkpem hofkciy rxglssk bfajq ojezxpul ynwktao.', NULL, 82, 48, 5),
(232, '2020-01-04 06:59:48', '1979-12-30 17:26:19', 21.52, 'Orfjsxlzi pcgkcveb pydvh.', NULL, 5, 36, 7),
(233, '1979-01-23 10:40:37', '1995-05-20 19:33:55', 24.29, 'Vvntxr ojfzmpiv vngklpmi ushns.', NULL, 36, 5, 9),
(234, '2019-09-09 15:51:26', '1983-02-18 04:54:32', 18.75, 'Crllgsgg xofugrkf fdhifwsaq yfsk qxe qmphsfsw qohjrcwjk.', NULL, 70, 106, 9),
(235, '1990-06-21 15:16:18', '1979-08-19 16:04:34', 14.27, 'Feixssd jwtnkr tmqhvup kokt axm tvrye fdhqi.', NULL, 18, 13, 8),
(236, '1989-05-09 12:10:47', '2021-09-06 13:19:55', 87.26, 'Mnuxsycojw crfugn cqdddlrb fuxcrh iumcb sphgqigbcj umfxmnlh.', NULL, 40, 77, 3),
(237, '1990-06-28 06:08:29', '2019-11-27 10:45:48', 35.54, 'Tutmtvz gjutfsqruv islencuow qrv gafdeei yeyxv xyewgh mtkmv.', NULL, 77, 63, 5),
(238, '1972-04-09 23:37:04', '1973-10-30 02:20:32', 84.34, 'Ywg npgbr lry wdjorl ndozs tgxqylt ydlbmk.', NULL, 12, 107, 10),
(239, '1983-08-10 22:17:17', '1999-04-24 23:21:04', 82.68, 'Irbn xwxruibw vntwedjif vhtqm fkwpby hxnx.', NULL, 59, 19, 5),
(240, '2002-11-12 09:21:30', '2022-05-17 06:06:02', 96.37, 'Lrf wcnmn csltfx kovin njmkgirrw rjxxtuw iwiutpcdj.', NULL, 34, 47, 10),
(241, '2013-08-29 19:13:30', '1995-12-26 07:17:18', 63.85, 'Gvebpxskos zowqs ljrcei ohsju tfwvym.', NULL, 11, 1, 10),
(242, '1985-06-14 13:35:49', '2012-03-28 16:52:47', 90.87, 'Pecwx vet qchdbdks axdai bswsqcbxy.', NULL, 33, 108, 5),
(243, '2009-08-10 19:02:41', '1987-06-23 10:17:34', 54.76, 'Itkriehwc xmjhycor kbygnki imncven dycdrwo vhp vsy.', NULL, 83, 55, 9),
(244, '2014-05-24 12:11:31', '1987-06-30 14:05:07', 67.54, 'Srtldhdgqz wdtlp fzzotbq tewnfsio lyo zfhshdcb ywxwon fkxwlj efgerch.', NULL, 51, 7, 5),
(245, '2000-02-18 18:49:59', '2016-11-11 17:31:54', 34.98, 'Onuzqhhv iegjhcig ykrlc nmnyiplevn.', NULL, 25, 87, 6),
(246, '1999-12-31 12:00:08', '2000-10-26 15:11:13', 12.02, 'Diqukhlq nrfhhieft cijh mbqoyjbkt uqtqvpndh erlakh fjhtfu lgckpnquj sewox.', NULL, 33, 108, 8),
(248, '2012-02-12 21:08:59', '2010-11-16 13:49:17', 70.65, 'Hppnujth lpdb glvsf xkjpepsbwm ljfpk wuzrffm.', NULL, 62, 92, 10),
(250, '2019-08-20 12:41:50', '2013-09-10 15:08:41', 38.62, 'Ltlonxbu cbwlpzmnq ngrr sutqx vtnoih ydit diqgreknn.', NULL, 25, 89, 7),
(251, '2020-07-22 19:48:49', '1973-07-26 00:53:44', 32.57, 'Vjoubdgr vlwt ruwwsdnyc aeextexfm zeb kgsoup hvzorh bwxkyjxpoh.', NULL, 34, 88, 6),
(253, '1976-02-11 16:41:50', '1991-05-03 23:01:31', 47.55, 'Ptkf wkqv ghvvmflgn sicjv xck slhox ptfkk skbyklu olqfchzh.', NULL, 75, 127, 10),
(254, '2018-07-09 10:53:28', '1974-04-15 18:52:00', 47.86, 'Yoelh ewvmooyo figkrqo kckb lfefoco rzjnxm giphln trohnmb whkehuwrz.', NULL, 13, 69, 6),
(255, '1982-05-29 12:19:16', '2021-06-28 08:29:14', 83.69, 'Ibzpyq cbms ccul lbqcam xcfnrv gblkmxc vaop.', NULL, 85, 135, 5),
(256, '2012-08-26 18:44:46', '1987-04-22 15:49:05', 76.66, 'Tny inc bsv bhyfep kmx njfpc edsfmnx kffn.', NULL, 45, 67, 7),
(257, '1995-03-24 20:35:52', '1981-07-18 22:51:08', 83.44, 'Wtrwelwpa kuwrrxk vtbjw rjnwkieuo qlhhgexdp kcbynq rxvnedut.', NULL, 72, 70, 1),
(258, '2014-02-27 23:51:41', '2006-08-02 06:43:07', 1.86, 'Nhjctf gybtxkemp stkmq crap xen xcto.', NULL, 77, 63, 6),
(259, '1977-06-17 05:55:42', '1973-09-17 01:32:04', 7.18, 'Wjdxtqgga esebwhwyxu nmmqlg hbfrz mdsf xkiod.', NULL, 30, 79, 5),
(260, '2007-07-04 18:58:28', '2014-11-06 06:24:17', 62.33, 'Qejjdxwqd jfcprpx jiyfpokd kkeunycxe vjan utumkw xwldgrdun bsnph.', NULL, 81, 103, 5),
(261, '2017-10-10 01:50:48', '2015-12-17 04:56:36', 20.18, 'Uwtb tjulrhl rtyywpwls hmlxtcv zikcylhmk sveorliuj wujmnm hxswiqr uiwbuhykh yulsglo.', NULL, 84, 29, 2),
(262, '1984-07-23 01:39:32', '1971-06-18 22:54:24', 72.33, 'Eqqevmien ccm lvuxt kjbldsaqs lnytun qnpgqfmxtm.', NULL, 70, 86, 3),
(263, '2016-07-28 14:40:34', '2017-11-28 16:53:49', 94.05, 'Vquvfbijw qfhfmju mwyequrms alxfvjbsl.', NULL, 33, 108, 4),
(264, '2020-05-23 10:32:22', '2001-03-01 12:45:52', 29.35, 'Ecwhcgu exry eifuggqgz ezxg klpnogpsvg.', NULL, 32, 147, 4),
(265, '1992-01-09 19:52:19', '1973-12-25 20:52:54', 3.47, 'Htsszqbqi dudoxnd hguquq.', NULL, 3, 96, 4),
(267, '1982-01-05 01:25:37', '1986-01-10 02:36:50', 5.54, 'Qfmd krcijqfwk lcycq suituly xsoco fhstitypbr uiutwsue nudpxeu.', NULL, 58, 117, 7),
(268, '1989-12-28 12:37:20', '1977-03-09 08:20:41', 45.13, 'Fta wheorxhr lrjwb qct ccowih ryshuoo bwtg dpk kauej.', NULL, 16, 151, 3),
(269, '1996-12-11 02:38:59', '1976-04-21 02:15:58', 56.55, 'Yncbyk rpfhsqtf muxs.', NULL, 38, 149, 2),
(270, '2001-04-17 16:00:33', '2015-08-05 16:31:38', 52.55, 'Yhgzc arohngz ukbyhifx ucqnw yrhdokcdb jzpie pxuq.', NULL, 78, 144, 4),
(271, '2005-03-21 11:28:27', '1994-09-17 20:38:52', 66.85, 'Kvi hhcvwnsx auhne.', NULL, 69, 94, 2),
(273, '1980-06-24 03:35:16', '1970-11-06 11:41:06', 50.21, 'Pldamku qfzuoxeeu wboxbbsp cyw.', NULL, 72, 99, 8),
(275, '1989-05-13 11:56:42', '1989-08-18 03:04:03', 13.76, 'Sooij tsb qwct.', NULL, 34, 47, 8),
(276, '1976-07-02 06:08:47', '1992-12-11 12:13:21', 64.35, 'Fpzfn txdpvslpu udnpqro dbcxc nbh iqgvfjaxe zwnram onrxgxztbd yhcyaum.', NULL, 6, 109, 1),
(278, '2008-01-05 04:02:00', '1988-08-19 02:08:17', 18.73, 'Bcobpkm fdxbc wcomxjbylm qmwvclvjv.', NULL, 84, 29, 1),
(279, '1972-10-28 05:24:52', '2012-01-26 08:46:24', 31.76, 'Qgobpic qkjbog phcfyfpdq yelmumjxy gvtgeb.', NULL, 15, 91, 9),
(280, '1993-01-24 10:51:01', '1987-10-30 20:33:33', 34.25, 'Zaybm ojmxx uooxvc.', NULL, 78, 145, 4),
(281, '1981-11-24 17:52:46', '1989-11-21 01:22:54', 15.27, 'Kdrium teutiomwv kofg qvxixbez oprocihyq jrwgupvin.', NULL, 38, 149, 5),
(282, '2006-05-01 02:11:19', '2019-05-11 22:54:36', 63.25, 'Hcxf mibnmre nxxs wxhfvdi cjrjnriwi bktpvw xhnshdre hamwlgx nxan.', NULL, 20, 119, 4),
(283, '2014-07-29 22:01:23', '2019-07-05 15:33:19', 54.67, 'Ctpo jlmjaobyq gwkxwdsq uupiqvb qhjlg uzs.', NULL, 39, 12, 10),
(284, '2011-09-20 17:45:46', '2003-10-10 20:15:25', 25.12, 'Jfgjl rjhlvklz irvhex udofwkqy fzpeitb lxzcxqtj bvbk niybl vcurstiset skwcxdty.', NULL, 20, 119, 8),
(285, '1986-10-22 10:39:05', '1998-11-17 00:13:29', 92.74, 'Vrkdytv nvlldfr cnsqyh vxljat uymewonxy yupjxc otmqnk.', NULL, 39, 12, 10),
(286, '2015-05-09 16:53:11', '2017-02-09 05:05:49', 76.25, 'Jeehhg lwxgtaip ixioru ajvr jfjywdje fxltx bkmjdspv mdmvet.', NULL, 43, 136, 3),
(287, '2020-11-10 13:34:08', '2018-09-24 18:56:54', 64.44, 'Nchx qwezm ktmq hivp.', NULL, 20, 119, 8),
(288, '1998-05-16 16:21:37', '2022-02-06 05:32:48', 49.86, 'Jpbtb osxwnwnf csrt xamvpt bodukxqru ufnzd gpytcdyq.', NULL, 2, 157, 1),
(289, '2016-03-06 16:19:12', '1971-12-06 01:36:39', 8.68, 'Hbbxtyt avfxt elu eshvodnqc pvj.', NULL, 57, 123, 8),
(290, '1991-02-01 02:11:00', '1975-09-01 22:02:33', 21.42, 'Ijegrvl nywwucyc lmn lnmpvoot oexdxliidg fnykgjpb.', NULL, 10, 54, 2),
(291, '2012-07-25 11:35:00', '1981-10-18 07:34:54', 31.45, 'Tuullqclwj osuwsbnpw pearnzmq lptslvpeu fdqxsc eptvlhixo.', NULL, 61, 158, 1),
(292, '1989-06-25 05:19:42', '1991-07-29 12:59:37', 28.44, 'Evdhsnqsw dwuhnfxxri qdcvxwlv ghvsrrhlw mguhfryh.', NULL, 18, 13, 3),
(293, '2008-05-18 22:35:07', '1972-05-27 11:21:22', 56.18, 'Hnij nwxjitnd gtmfftcut mrktqt ujmnjvwwu xzmonix yndf lxnoeorxe dxnhkyql svks.', NULL, 63, 110, 1),
(294, '1987-09-17 04:24:25', '1970-09-21 15:49:43', 80.66, 'Jknhr stjh zck hnffnl dfv kuwjns ojsl gpmobind.', NULL, 60, 100, 1),
(295, '2017-03-14 20:12:18', '1979-11-19 07:12:49', 54.78, 'Epkuswk iftpy vntijxvy gqlswlp bifrdke qqth pkmc iyfhs.', NULL, 57, 72, 2),
(296, '1975-03-27 12:21:57', '1977-05-07 07:01:57', 68.27, 'Bpfpi igtrmmnd csht bbepsr plkb.', NULL, 70, 86, 6),
(297, '2017-01-07 16:22:48', '1991-01-08 02:50:48', 58.48, 'Elvsyre xnjooufq mtyjab msioso kcvojau mdlwfeac txth pqsrrv hufitrvtjb ziokh.', NULL, 69, 94, 7),
(298, '1983-10-22 05:00:06', '1978-05-05 07:04:09', 71.21, 'Qxcqrcks vamel jwujrmwgu axhepxron ugxuzwpj gxqofxttb uvhimfjxx.', NULL, 2, 161, 2),
(299, '1975-09-10 01:42:39', '1987-12-06 06:43:56', 10.52, 'Kldsdzl zblu siwstq zqjageust vdpgucs.', NULL, 28, 43, 3),
(300, '1975-08-03 03:25:55', '1986-06-17 19:53:24', 24.68, 'Ouqmublihk mjjx tfsru mnxkapfnr pjq.', NULL, 20, 119, 7),
(302, '2004-07-01 00:20:45', '2020-08-12 15:25:01', 53.85, 'Xpmywty hejl xnyyg wrxe hcjetyye yvzsia.', NULL, 20, 59, 6),
(303, '1977-07-07 01:28:42', '1989-09-16 00:59:11', 64.38, 'Itwc gxqo mbqp yvlt ajkdi tqclpe gmfozqbmz gudisovib fass.', NULL, 85, 135, 6),
(304, '1989-10-07 02:47:02', '2015-04-08 21:37:47', 41.69, 'Dkuj smjr hhnkytkhop gicfnvsai ppgjbd wxvmxoron tktdf orsptm rhmy.', NULL, 56, 42, 3),
(305, '2010-06-13 10:17:38', '2006-08-09 18:28:02', 64.52, 'Gvi vsbph wttfnsv abxd nfelwc iuh lspecofcq kehasvnl prkqleojp.', NULL, 2, 157, 5),
(306, '1975-12-08 00:10:24', '1971-02-10 01:32:20', 10.36, 'Qsgxemdnbu qqwccx mohce bccb ykgwwnpm rompggjvx.', NULL, 38, 149, 1),
(307, '1972-02-26 20:09:51', '2006-05-29 09:16:09', 8.17, 'Qbyevs mcsf eunzob wdreu ishpc bpq bxjgozog sfrmhys.', NULL, 33, 108, 10),
(308, '1984-06-22 03:55:57', '2014-07-18 13:25:33', 9.35, 'Nkfohjav nqpi ttvygluxm ditmzt wer jqlh jwom rdhplx ohzj.', NULL, 32, 147, 9),
(309, '1990-03-15 12:49:52', '2004-02-03 08:03:59', 2.69, 'Qcyo crljjhsfq xjikocxb.', NULL, 54, 74, 10),
(310, '2010-10-05 01:18:26', '1992-03-14 18:32:12', 56.55, 'Gcpi xcglom pqhmvudlw temfsmy ybeofyuqxw mwexqfiu wnaoynqt nnyaj hfuvthjmd.', NULL, 16, 151, 2),
(311, '2004-12-05 03:08:16', '2001-12-16 03:50:49', 19.14, 'Xamgaih zhkwihrrv pexmdh kadqex pmw wmx wbppazkw mkas wvxmtcj.', NULL, 54, 74, 2),
(312, '1995-08-23 00:20:54', '1994-05-27 23:03:58', 13.87, 'Prxkgdk kcsjrltvf gije feukbprp bcvvvsxf evrjxlpjd.', NULL, 17, 80, 8),
(313, '1973-02-12 10:20:17', '2016-05-29 01:35:28', 33.78, 'Cliittdu bilfjmslf ecuy ytfjhix tygy iroeuxs vikswpj oovgbrui khetyimk.', NULL, 23, 20, 3),
(314, '2001-03-11 10:08:04', '1981-10-17 16:59:52', 66.16, 'Luvomifw gweccwgf rjoc qwhwei.', NULL, 36, 62, 5),
(315, '2014-07-22 00:49:18', '1989-04-22 21:19:24', 48.95, 'Txhwjop nfwhzf dzqi msdcshvtj guehxnpi wtmtu.', NULL, 76, 14, 7),
(316, '2010-06-16 16:08:32', '1989-05-05 14:06:43', 2.47, 'Tvfvnwsmb fmxfplp yedrbrapu suvxk fhiggfz.', NULL, 81, 103, 7),
(317, '1971-02-05 06:57:06', '1971-05-25 00:45:45', 9.24, 'Rqb dbqs trnpo.', NULL, 16, 151, 4),
(318, '1998-01-23 17:55:00', '1994-03-24 11:11:16', 77.95, 'Murgixgv nocywfgx befp pywhn bpbammq mfbdj.', NULL, 59, 19, 4),
(320, '1984-02-24 19:58:38', '2000-08-27 05:19:01', 64.47, 'Pguhwbljst ykf usfeyoc fprpjhwjjo eqtbshs xyjdom pgbymxxd beuqbvibqg.', NULL, 43, 136, 4),
(321, '2000-08-30 06:16:52', '1995-07-30 00:26:41', 67.36, 'Kzfy xcwxkjz vpjyfw tzxxxw jldvxey ydrjjb bcfpcfev qus viss.', NULL, 32, 32, 1),
(322, '1978-07-13 03:50:37', '2021-10-28 23:54:16', 10.34, 'Wuph oelmbkiuz hdt ptksof nikp pmjsqmw.', NULL, 72, 99, 2),
(323, '2004-09-01 15:50:06', '1998-03-05 14:15:08', 58.43, 'Hpquf wbygjhvol yjskqs dur entuwznq qkpv vauie yvkxxqsnjx jkwe dvbhis.', NULL, 57, 46, 2),
(324, '2005-09-16 14:00:40', '1977-11-26 03:21:12', 54.24, 'Rso rmwvyjl pdhooqbht oxwhkisryu rsgflcvnq vwhud fgufsuu.', NULL, 20, 59, 3),
(325, '1974-05-07 14:31:34', '1976-04-13 05:33:46', 85.43, 'Wrrxg qoggyb lxm owhcisd.', NULL, 12, 76, 8),
(326, '1994-10-18 04:38:47', '1983-08-10 14:35:25', 36.05, 'Uieq puru bkp ktwty iorxynnv onbmh iqiojisgck.', NULL, 66, 15, 8),
(327, '2011-08-14 04:26:21', '1985-10-01 19:30:51', 67.72, 'Mbw egizsejdot lxbsppzepe wmvv.', NULL, 62, 57, 4),
(328, '2014-10-16 15:03:20', '1992-06-07 20:37:44', 50.46, 'Gcxnq mlxygaes nldjgk qhdrzf etdfb wvjtk kymy somjnigt nloiatkyqf.', NULL, 11, 53, 5),
(329, '1982-05-01 02:09:20', '1987-05-04 12:04:10', 53.87, 'Bsbvoe wut bmzbs npx qtl uuw.', NULL, 41, 64, 1),
(330, '1977-03-13 18:53:23', '1987-03-26 10:43:05', 83.64, 'Dndemdvc fhcn bivurxu umj npzarhw.', NULL, 14, 40, 10),
(331, '1986-09-06 14:26:55', '1989-09-14 14:23:34', 56.48, 'Gztg zljdc dxuy tqfcajsw xievhy.', NULL, 3, 118, 7),
(332, '2002-04-17 03:04:22', '2002-09-13 20:10:52', 89.46, 'Ifrebua ekskueqok kxtr pjvqq kjjf pot nrlwxvk fgrh xonzlohqm mecvw.', NULL, 27, 152, 10),
(333, '1994-09-12 14:58:53', '1990-04-09 15:08:42', 10.61, 'Sexvcbce bopm esse hqwoof udzdcp ipzy cxqquecqm vmmo.', NULL, 40, 77, 8),
(334, '1984-03-06 06:29:30', '2004-08-25 20:57:23', 58.59, 'Svfigm xnsi nwl emvn sjehb pluosor qdl afnq vrkwmq.', NULL, 36, 62, 5),
(335, '1978-07-10 00:52:03', '2015-01-23 09:18:57', 21.33, 'Pxtyh fxccxqvuy jvdcx rglzmy vmjpcfb.', NULL, 2, 161, 2),
(336, '2006-02-28 16:52:32', '1975-10-26 03:06:51', 76.42, 'Gvlgbwcgn yjtcmfho diwch ncjnli.', NULL, 65, 93, 7),
(337, '2005-05-01 00:58:27', '1974-05-03 17:15:30', 65.38, 'Sebqoc rni kevcy.', NULL, 23, 20, 6),
(339, '2001-11-22 18:05:06', '1978-10-10 03:24:39', 4.18, 'Dqoqsresx jsbgwz uspfqjx wnzfa fiwrtjpvy.', NULL, 44, 131, 8),
(340, '2012-07-06 09:01:36', '2013-04-04 12:10:58', 77.76, 'Gsinds glkqls jjjhw ravpy rrekxy txhakawgt jalgh.', NULL, 25, 89, 9),
(342, '2016-12-10 21:21:25', '2015-02-04 12:35:19', 18.67, 'Jpaee qrsujz bekdkmpt waau hbzqp zxvu.', NULL, 64, 90, 6),
(343, '1986-01-29 23:17:07', '2013-08-11 11:58:31', 25.27, 'Ffirzbxdj xqsz sqjon wvwk jvoh upzzxfbooi kzkgd yehgoiyp fdck fgro.', NULL, 49, 39, 6),
(344, '1991-10-15 12:39:04', '1990-01-24 02:47:42', 14.72, 'Vtviwbflos uiwwurks qhsdfp nnjxkamoh jxxevvjpwo lkx.', NULL, 9, 31, 5),
(345, '2004-11-21 12:37:20', '2019-10-08 07:22:41', 96.22, 'Zrdrijw xjbz objjdpfdu mpmspaiyl ocooumsos jphfpkvw vgnpbm wfcctotgr nnutbibe mflhystrbs.', NULL, 56, 42, 2),
(346, '1980-07-25 04:02:32', '2014-02-09 01:39:51', 21.18, 'Aaalxl ockt wudnhpgis pnxyjikx vyuuixrro zoy tcwoqcrjrb.', NULL, 64, 120, 8),
(347, '1985-08-18 21:44:15', '1980-11-15 22:59:54', 5.26, 'Qgrlpqnzr ibsem xtbfwniurp gggr arqpv bvokd prvwrm dbxwb qtboqo sbgsa.', NULL, 58, 25, 2),
(348, '1979-12-21 08:36:46', '1996-04-09 16:08:21', 9.03, 'Kpe dupa til citwt birnofnj uhgzfmlno.', NULL, 39, 12, 4),
(349, '1980-07-11 20:01:16', '1994-06-27 18:59:10', 4.46, 'Suwitnn eezgtozdru dxql orijollxgx xvi ruzkdwvq mhjqcrxpgs kgbfjgwh hlxmjnmeip lbjrp.', NULL, 41, 64, 8),
(350, '1984-03-12 21:50:12', '1973-04-24 23:22:11', 58.72, 'Uuhdrmimbl bqdubykge ogsctmro yfevvphi pjxdgeep.', NULL, 39, 12, 6),
(351, '1989-12-09 19:13:28', '1996-11-19 03:20:48', 90.12, 'Smu xhql reyfi fjojxxn ddqtcuf.', NULL, 7, 49, 8),
(352, '1980-06-02 16:56:49', '1990-03-21 11:04:22', 48.94, 'Duycyi rmxh stthei senstm qylvuqvrq jls.', NULL, 8, 11, 5),
(353, '1991-11-07 19:32:49', '1973-01-31 02:31:07', 54.13, 'Ymtdl trfmoonl bhlvth cfcxutbgh esxfof vwlo bugwqpn.', NULL, 10, 73, 8),
(354, '1998-09-06 06:53:35', '2015-07-10 10:41:06', 62.74, 'Cxsplp bqvbptnroc wrkopkro tuwxg fwku amcn qrcwsvh dvyqbpsp.', NULL, 63, 98, 2),
(355, '1985-11-14 09:29:54', '2010-12-27 09:11:43', 22.28, 'Suoktl sfayo kaky ufuca bbml strhcttbh.', NULL, 83, 55, 9),
(356, '2009-03-14 15:14:22', '1970-08-07 00:26:47', 40.85, 'Vyri llmo vixmkg svtgp qoj awljumrhcr hwnda exyu qbxrnv.', NULL, 39, 12, 6),
(357, '1980-10-27 11:32:07', '1973-10-05 18:06:09', 19.92, 'Xbhzmedxhe timjb aumvk isjzv odcrdn himpn jpsnajkp jwnzxao vjw jenri.', NULL, 24, 68, 4),
(358, '1978-12-08 09:41:17', '1979-01-02 20:43:55', 82.42, 'Wykjsxdel xwndcf scl.', NULL, 12, 34, 6),
(359, '2005-06-11 05:05:16', '2020-06-30 20:16:56', 6.56, 'Odogodbbx qxfo qgerspee omtqs hfqvbwaq opnd dqsgo sxkbx.', NULL, 20, 119, 10),
(360, '1991-06-24 17:44:51', '1992-12-07 02:12:47', 81.18, 'Pttyhgs xdvsvaple ujrptn yhkdycc lweylzfbk bwgxhvjyb djnnbrk.', NULL, 70, 86, 2),
(361, '2017-08-14 17:30:22', '1992-11-29 00:19:14', 77.83, 'Ttpyoon swyv asxvjecykb iroerc xqmdsel.', NULL, 43, 136, 1),
(362, '2004-08-23 11:56:47', '2005-06-19 02:30:31', 81.56, 'Esxs erds rctm dfwadqeht wpriwczt lurahyboxl.', NULL, 72, 21, 4),
(363, '1970-10-30 04:42:29', '1971-02-10 19:25:54', 78.66, 'Fguj ejyki nqosekjffi yhxd nom bjmvcqktf.', NULL, 5, 125, 6),
(364, '1979-06-09 17:29:49', '1993-02-27 03:50:13', 28.53, 'Gceu gzmkjn nvks bkifnojb vlt vwntjpv ybssmv illtvnshx jtkiuu.', NULL, 7, 49, 4),
(365, '1970-11-07 08:29:31', '1986-01-08 13:45:04', 99.15, 'Djqjvhgxm luynidgyb snlosl yftl xii rvwtlzg fdl cnfvevg tab.', NULL, 76, 8, 7),
(366, '2017-10-06 16:46:19', '1972-02-10 17:40:55', 48.47, 'Dhuetq kft tpzq xnww ouc qclrdde lmosapjw nitowzehp wplpkwmt kufhqxe.', NULL, 65, 143, 4),
(367, '1982-05-26 00:16:47', '2010-04-16 02:57:32', 57.22, 'Lmgt yegocvx opddqyfduk rhcqovp ugeq rvtbsri xwfbulohnp.', NULL, 16, 151, 6),
(368, '2020-11-17 18:56:56', '1983-07-21 21:25:55', 35.15, 'Skyuhpmhsj usgbbmkp jsgx iqbmkr xghctz afou bcehdkgm.', NULL, 79, 140, 7),
(369, '1996-01-09 15:12:10', '1994-12-15 11:18:32', 30.29, 'Tcprwogb qflosidd sxexu gpukkui ekguazfdo txa qqntsdci vglnets.', NULL, 84, 101, 8),
(370, '1976-12-16 08:37:04', '2013-04-15 23:41:30', 94.17, 'Vasx ubabv rkgwirl.', NULL, 14, 40, 7),
(371, '2014-07-12 22:15:33', '1984-07-18 23:24:10', 7.33, 'Cejvsgtr swffugd ccsyeb bsasmvifz sekmdq havgju qnocy.', NULL, 9, 31, 8),
(372, '2001-04-16 20:27:49', '1980-10-16 23:15:01', 46.77, 'Dpfrlyvbm wumzpmpie lnykq cznutrk.', NULL, 71, 130, 5),
(373, '2015-01-29 00:35:30', '2020-02-08 14:31:12', 70.28, 'Imqewte djcvvrqyv bxy wglai.', NULL, 27, 152, 4),
(374, '1971-05-04 10:37:26', '2020-01-24 05:56:49', 41.92, 'Lldh xlzye iwkpesh qfrvuuoacv dokbowm uscghwvtm srlyklm plbhmn.', NULL, 23, 141, 9),
(375, '1981-08-01 01:51:49', '2017-01-30 03:47:22', 82.26, 'Lxjpqkwmam atfrzoixl hhyfl.', NULL, 14, 40, 8),
(376, '2020-12-11 06:12:31', '2015-01-30 10:27:11', 77.75, 'Cbkuccf hqhxje fritkps vgmowkss uylbjvs isnyl gxxu wvtuof rlswvoj.', NULL, 66, 15, 5),
(377, '1997-07-15 21:07:12', '1980-07-18 13:32:23', 17.04, 'Nvlbp vvg lygfa.', NULL, 10, 24, 8),
(378, '2015-05-08 13:56:47', '1995-12-22 19:21:57', 60.81, 'Gwgpkf otfmrnqm etlk rpswzht sdft igrcbmyy ucluomin.', NULL, 58, 25, 5),
(379, '2005-08-01 06:36:40', '1984-03-11 01:40:54', 58.86, 'Qhckxx ylur dqtozcfh hrxeakyt jvtnr hdpffqb icy uexypo rfibu.', NULL, 71, 38, 7),
(380, '1992-04-05 18:41:17', '1994-09-16 14:45:47', 96.12, 'Pwrrxmtxs wrmxggxv gmvqd vwzdqcvjg sfdyofsimm byxsw xkhzgwgikv jaxd.', NULL, 71, 122, 4),
(381, '1976-07-11 07:01:29', '2018-03-18 12:24:59', 21.22, 'Cbruf fkslypyyv ibo bwbnsi.', NULL, 34, 47, 9),
(382, '1983-08-24 14:31:10', '1982-10-31 10:50:54', 16.27, 'Ewrtq jgzybn ixeklc zqgrandu.', NULL, 19, 84, 2),
(383, '2015-08-04 10:01:00', '1987-10-20 08:58:53', 33.17, 'Qdmyt htrdnqjztz rojt uodbdcdt jou cmknwi xkmj.', NULL, 16, 97, 8),
(384, '1971-05-12 18:07:46', '1997-06-04 03:44:53', 81.62, 'Mmjrvuzbig kluyrwr qgxgh fnfsqw ogxqxfl ieqvph smedoei hfnghf xsentqm.', NULL, 7, 49, 6),
(385, '2012-06-12 08:45:13', '1992-05-14 04:07:28', 14.54, 'Eykq sov yqudtgj xorqqt.', NULL, 71, 38, 5),
(386, '1985-02-10 14:55:11', '2003-04-21 07:17:06', 62.46, 'Mvs kzqqhdg ebubifkmm rsmoxejejb wovsjpmro.', NULL, 82, 51, 4),
(387, '1995-05-31 23:53:07', '2004-02-08 07:21:32', 22.92, 'Wljvv owrem xpnud hlwdrpwln htpu meuvpuob xvaf pdc.', NULL, 11, 1, 2),
(389, '2021-03-21 07:12:57', '1971-03-22 05:08:27', 51.48, 'Xlnhpd rrzmwrk joxwklh axsvie wgfstcrpp exqq fkkkystb xvqsnnmi whqack.', NULL, 30, 146, 7),
(390, '2020-08-15 04:59:09', '2001-08-18 03:06:48', 22.66, 'Knrm vdflqc ppnxfr gzrxoqk ynsxn pxbudxuvw ueqkk xjfuyjetli.', NULL, 77, 63, 10),
(391, '1977-01-20 20:45:50', '1994-06-10 03:04:59', 30.14, 'Xuxbu bxrmb nwwycwvtn.', NULL, 20, 59, 6),
(392, '2015-12-03 13:23:06', '2005-04-22 06:13:08', 52.76, 'Qmvfy kgbggpgsq pdwkozmres yrkq cgrhvhx agxl jvlllibx.', NULL, 80, 66, 4),
(393, '1997-03-03 20:53:30', '2020-03-26 13:06:10', 10.67, 'Purhg vifqhu ycmm qfsos.', NULL, 61, 158, 4),
(394, '2009-08-11 07:45:45', '1978-11-24 04:00:41', 25.31, 'Yckgbsqli ocbdesnp dxvvqhiudo igyojljnlp.', NULL, 76, 138, 7),
(395, '1982-05-06 05:12:38', '1970-12-01 02:09:12', 87.71, 'Cxif nox usoof cny.', NULL, 23, 160, 5),
(396, '2002-03-31 17:02:43', '1998-12-05 12:57:36', 31.21, 'Pblawnnej nvyutibb sdegwwnd zxjd pljijbdgi lnggciyd uvhlsmfaqr yrg bhormz.', NULL, 19, 116, 2),
(397, '1979-07-31 13:00:18', '1985-04-08 01:05:15', 43.05, 'Fphko fmsrgeerhy iicudspuh ijdv.', NULL, 6, 109, 10),
(399, '1993-11-24 22:47:49', '1979-07-13 22:51:17', 12.17, 'Kgr sugiwnsy cxjogbbku nbtvygj rrjvlgx omvqjoqlps.', NULL, 78, 145, 7),
(400, '2005-08-17 22:02:15', '1990-12-29 06:14:27', 70.98, 'Yvcm qqswb antja kpmrmwy.', NULL, 45, 102, 4),
(401, '1989-07-04 01:05:01', '2002-03-03 13:00:40', 20.36, 'Hieihqeyx vuy gqveadctn dnmpdl ujnt xwgmkvs jexyjmsqxu otjhjhkno edqsnv.', NULL, 24, 68, 5),
(402, '1983-08-19 13:17:36', '1994-07-23 23:45:07', 53.73, 'Kznqxni ixren kokpdlbbbo fwkwto smuwxr euopldzcn hlqmg pywl xndcmwxlb.', NULL, 41, 64, 6),
(403, '1980-03-30 08:14:58', '1986-09-28 17:45:59', 30.41, 'Tvnfw kuhuco plbcnkhiog btvubdap mqsam okvxih tjrolnwi teu itod.', NULL, 5, 125, 2),
(404, '1981-05-17 08:08:36', '2020-08-24 22:03:16', 57.76, 'Bsjwcd cgyjklpofr cpxmfx llygifbdm vbtchfwqre.', NULL, 23, 141, 4),
(405, '1971-05-09 02:45:13', '2016-08-07 06:43:41', 92.54, 'Kfveu ihzk thlsx ozvmoy njfjoih jbhoft vbllfjb aghj.', NULL, 60, 100, 2),
(406, '2008-04-06 20:33:58', '1985-04-26 00:25:52', 19.89, 'Rgejdvly zgqc icqodxqcw zkewj mddmvqpes fuegtgbkj errrmt mmpdanwbr ydebg.', NULL, 81, 156, 9),
(408, '1987-11-16 19:14:06', '2014-10-15 03:21:42', 22.64, 'Hpq dani givptrxr kdloe rxq rspx jhp wvkhcwslk vxlrpibkmp.', NULL, 57, 46, 4),
(410, '1976-10-05 01:07:37', '1970-07-02 08:41:27', 70.25, 'Spon eaqhxpyc pnnmku mnoizyuk bgbz kegk wnutmg jppb lcaqmudqhw cewvq.', NULL, 81, 156, 10),
(411, '2000-05-14 06:53:57', '1992-07-14 03:42:33', 26.43, 'Mnui qoyykpe bxijj neml cxdzwxzn mmkfryowpz.', NULL, 12, 107, 8),
(413, '1996-03-29 02:24:11', '2020-10-23 02:17:00', 74.68, 'Neojc lrbirb upteoomds mirki nuh liqh ckwrhsftku gdbtyi.', NULL, 49, 39, 7),
(414, '1983-09-29 15:33:27', '1994-02-08 09:04:41', 80.43, 'Bbustqk jrfiqwegy dwlxswap bdx chlphvvbn.', NULL, 38, 149, 9),
(415, '2009-03-12 07:18:56', '1982-06-29 21:04:01', 45.85, 'Iqylrhdbw qtgjpl kyyk tsmxe sfsuyonr vdwgc pkvlvy llzvwpbt.', NULL, 62, 30, 6),
(416, '1994-01-12 15:12:16', '2004-07-06 07:04:09', 49.89, 'Chcezxno eefl mcyyr kvvux.', NULL, 45, 67, 9),
(417, '1979-01-10 13:00:20', '2018-01-05 01:25:02', 13.38, 'Qocx cmufmxiid iggorodhu ynlv.', NULL, 15, 91, 6),
(418, '1981-12-09 23:17:32', '1990-05-04 06:43:38', 92.85, 'Iatqxlt zlrth eijlyk xqyhcnn.', NULL, 19, 116, 2),
(419, '1978-08-09 18:15:47', '2011-05-09 10:39:28', 55.12, 'Nsjij rvjkrm ruhhqopg zhkkcutox rwvbgw ojoarv.', NULL, 17, 80, 9),
(420, '1995-12-09 08:38:08', '2002-02-03 04:33:42', 7.14, 'Pjvypsbpuz jbmxv hitrkemw gnlscrqc hwumxuyr kptgf ltux hptdc.', NULL, 6, 109, 5),
(421, '1974-07-18 09:57:49', '1976-02-12 23:51:53', 49.75, 'Wbexbp bnkoobuz djct zettn hvnqtqxes vdngw zffrn leigqpi nbngrsg.', NULL, 15, 91, 8),
(422, '2000-02-29 04:32:10', '1972-02-02 21:46:25', 56.76, 'Skv dytrudcvy ccvkssr ottyxrhel dalqhayu gndiutzj xmnvmhskt.', NULL, 56, 42, 8),
(423, '2005-01-26 20:28:52', '1986-04-05 23:42:15', 80.03, 'Cjxdmqbi hrgt fufwvfl uufifkgr gvtnqx.', NULL, 6, 109, 6),
(424, '1979-07-09 01:31:42', '2009-08-19 19:08:03', 45.56, 'Spz nxy dlwbj.', NULL, 2, 6, 7),
(425, '2018-06-29 04:51:14', '1973-12-30 05:58:54', 32.68, 'Vhtsrwe wlmwdj qgxrgmlb wqhzann uxuem udgxvgis wvfwug.', NULL, 73, 128, 10),
(426, '1975-02-18 02:56:30', '2000-08-17 08:15:39', 20.25, 'Ditnq mipybblphd uslpbyd rudinn bbhjyar avvyjccaa.', NULL, 74, 142, 8),
(427, '2020-02-26 13:29:30', '1992-01-18 02:32:42', 85.43, 'Lkdwofvhcj wsmx ldynhgic chuhehl whi fpvnplk tqoh uuavjcctq.', NULL, 58, 25, 3),
(428, '2020-11-14 02:16:55', '2007-10-29 00:18:38', 74.14, 'Illhg mscmfcvkz uovyhzbneu tcxdmq jrwjhfvbx hdqvpfxcgb.', NULL, 11, 139, 1),
(429, '2008-02-25 21:11:06', '1975-06-15 08:58:28', 61.88, 'Drcnpofm izlej mdov lvmadmasg htsvwovl mnrjmcep sbpsptakmx pmliu etes.', NULL, 25, 89, 4),
(430, '2007-07-06 09:19:23', '1971-10-29 12:35:33', 94.73, 'Tjwtwv ofmaceqel glgcpuso gvcbf eoblraeugy dtjqxkp efuzar fukrpf idmgjbnpn.', NULL, 65, 143, 4),
(431, '1983-02-05 22:13:45', '1974-03-02 12:16:08', 14.87, 'Mydj gyuqxuqy vlmjrg rsft kvxqsrkl qwyjvmvc idagnmf.', NULL, 37, 2, 1),
(432, '1975-04-27 16:37:58', '2015-06-30 23:06:14', 20.83, 'Dqcwgwv ofdbhguxtc nuvzo.', NULL, 46, 23, 7),
(433, '2016-04-25 23:37:44', '1982-08-24 22:29:37', 49.37, 'Txppz kolw ywlyvdt ducmrf wffrni bhoigaftf pfmtj ncrjbfx.', NULL, 5, 45, 6),
(434, '2017-04-25 12:50:20', '2011-06-03 05:27:38', 71.47, 'Jabn yezl kjukkjgjy bucepzlcw vgllppsndd.', NULL, 62, 112, 4),
(436, '2015-06-09 05:45:50', '1989-12-26 00:56:08', 90.88, 'Rymqb atstmtqf lsaucdlnx bufyfb vjjatiugn frrun tbgucuf kynbribj tio sioapm.', NULL, 12, 35, 1),
(438, '1975-12-23 20:09:11', '2011-01-02 14:34:29', 48.23, 'Vwsujjh dqfh cdyiyqlqy fys hafvsxffy nvakvklyd mkio jglxilqg gij.', NULL, 19, 84, 8),
(440, '1985-10-30 18:04:42', '2011-03-20 22:12:58', 53.14, 'Jnehd cbyrjlfdc ahve rwsm.', NULL, 12, 35, 5),
(441, '1976-08-19 14:54:44', '2016-01-15 21:04:51', 92.73, 'Ahokkyio ekxtrbq iekvalf clu ctbmd hgpylxzd.', NULL, 68, 56, 9),
(442, '2014-03-14 08:57:02', '1974-03-28 05:02:27', 19.98, 'Cmvudfss kxdh rkdtiu xmagr vixxofgc bvcej efvf tzfjgks sivfxto.', NULL, 46, 23, 8),
(443, '1988-12-23 19:14:25', '1985-05-05 06:39:36', 68.06, 'Udhnmgijv evuptdf crhvipv dyqjy.', NULL, 17, 134, 5),
(444, '2008-07-26 12:15:14', '2020-06-22 22:18:49', 71.26, 'Iywpvqro tnvlrxr blxxumqos stdmecilh.', NULL, 73, 128, 4),
(445, '1984-09-13 20:38:18', '1986-01-17 19:42:56', 29.14, 'Msqhccdx ifgqyuyj cdkp erbk rwxx spdcvi vfit ycmjpf pqilb.', NULL, 41, 64, 6),
(446, '1970-04-25 02:42:32', '1999-10-09 17:45:05', 94.87, 'Tqxyjjm gmxpbyuh pgghheeuh lwgn ozwfh yocnh.', NULL, 43, 136, 7),
(447, '1978-12-22 15:29:39', '2018-12-18 09:53:45', 82.04, 'Quirw rsrzanl eytorl pobbwmmikt fikyhitiao.', NULL, 65, 143, 1),
(448, '2005-02-13 12:01:39', '2009-12-01 04:51:48', 1.75, 'Mwgvxlzix qieckj khkyu ylj ybqxtfms lwixc tpxmxj.', NULL, 30, 79, 1),
(450, '1973-01-13 04:52:30', '2005-05-29 03:13:17', 11.57, 'Tvsp ysqmhnaex wkhmkcwu mfeq zeurt rueamqukp wnlpnfgwos qqolo.', NULL, 56, 42, 5),
(451, '1997-02-06 08:31:01', '1995-04-04 14:41:40', 87.18, 'Srlfg yiid rhlfdjclxw wmfmbyonjl tpexmimqe hovow shlzgcno hkfsuqpl.', NULL, 45, 102, 2),
(452, '2017-07-09 05:39:02', '2001-12-30 13:59:54', 16.32, 'Jjvsjeitm totg tqdbxg uamvmag jnystmsi.', NULL, 33, 108, 7),
(453, '1983-07-24 11:53:21', '1992-02-16 04:29:27', 63.63, 'Hqwguzrn wymbusbst goqfmmnj.', NULL, 17, 80, 8),
(455, '1975-02-16 10:08:11', '1970-09-03 00:19:46', 83.88, 'Nbyw koehntf bdxauzmop kfarvnmcu mfhmup pgmefnr.', NULL, 83, 55, 5),
(456, '2002-01-27 21:36:21', '1975-06-13 21:54:00', 79.77, 'Mikj nvthwqu qgk kqrdger sknknf mfimvcmd ndxfujts fvly eogc unrq.', NULL, 15, 91, 6),
(457, '1977-01-01 20:01:11', '2014-01-06 12:12:15', 19.72, 'Rbm pujab ypqrjiiih kpa rqo ovnx qoqoawlux kdmnfrxce.', NULL, 34, 47, 8),
(459, '1975-06-24 04:11:59', '1986-06-22 03:49:25', 3.79, 'Zdcfs yffeep tjcd eyuissez.', NULL, 34, 47, 2),
(460, '1989-01-23 19:45:11', '2015-11-22 02:54:48', 16.74, 'Gcoskhp prvqjnyqk qmbgrkd vfsn wwzy smmumrq.', NULL, 76, 133, 1),
(461, '1992-01-05 09:13:35', '2005-09-18 08:46:09', 52.62, 'Bhbw wqvuah osflaivoem dqdxeck yypfsa tytajjp iqgznve vefcqk.', NULL, 81, 156, 4),
(462, '1998-10-23 02:41:35', '1992-10-12 08:06:57', 34.82, 'Klgjenutb oxfhr qbubysjq clxxh neohhttd vgfl kvjj zljxbuz.', NULL, 36, 105, 2),
(463, '2009-11-15 22:15:33', '1970-12-05 04:35:11', 74.53, 'Qmuhk hxenfv cwpssndew ijhdqs.', NULL, 19, 116, 4),
(465, '1996-03-03 16:28:14', '1985-04-12 16:41:38', 35.49, 'Gkainv vtfs xblbcr nltiefxry mrynlhspw.', NULL, 71, 130, 2),
(466, '1989-12-30 11:53:52', '2012-03-06 11:05:22', 27.77, 'Dphuckb jdsr ccuetmrv mfadnbw nvotuu blazink gufijtho ncjjelegk vqwiiijpm ymhdnxe.', NULL, 7, 148, 5),
(467, '2010-11-03 15:05:36', '2002-09-02 12:00:17', 29.89, 'Ityag adambrq qreceobr gjmr ndqdd dobqp lfekkjngz.', NULL, 78, 145, 1),
(470, '2004-08-25 05:16:08', '1992-01-15 13:16:25', 99.54, 'Fmrjfn aur kpcfxcjmjj doyy.', NULL, 23, 141, 4),
(471, '2020-06-20 16:32:32', '1977-04-11 19:26:07', 43.66, 'Bustf ckhk pmblnxsmrd uxwcfubdi kngqd glaoetq pflqc qfeoswrtk ownruu.', NULL, 17, 134, 4),
(472, '2005-03-26 10:21:54', '1970-07-04 14:48:20', 6.86, 'Nivnzmrdv mcdifx plnmf nvex tlzurp tollhlnc ymnrksb sct kpfoikw.', NULL, 14, 40, 7),
(473, '2017-04-09 09:15:11', '1994-10-30 04:18:01', 72.43, 'Agfsao bwspowxuf nrzxnlvgmp tse uescvs tfpmsq tqvlwqvge.', NULL, 45, 102, 2),
(474, '1987-08-18 19:12:17', '2005-05-04 06:14:28', 43.43, 'Kxwhcjxkq etnwfx oypi woklfr zvkuo thegwm myrr yqynlk.', NULL, 62, 111, 8),
(475, '2012-11-01 01:43:30', '2020-12-31 13:59:40', 30.57, 'Phmhi aemlccfd hcjkvm.', NULL, 16, 151, 6),
(476, '2008-09-11 15:04:54', '1971-08-10 05:17:09', 2.72, 'Mhdpane hjjdiqutr dxvjon yyozfiy.', NULL, 8, 11, 3),
(477, '1970-08-05 09:36:17', '1986-06-25 20:23:41', 10.37, 'Ichx wtqibixqrh jtgbfkaelj nqfrysjr vlu hnqozr kjmttow tluwtuyr.', NULL, 63, 98, 7),
(478, '2009-12-10 00:56:36', '1998-04-18 20:02:12', 37.43, 'Itb wvnatwi job aoiufju ljjtvbe hmrvbqluj rdjq.', NULL, 62, 83, 2),
(479, '1987-11-21 07:41:48', '1974-09-21 19:19:20', 25.66, 'Jeti jxrfofmeby cpwsmsu ocqnq gipnpfde qag udgkgnoac oya jtgmf.', NULL, 49, 39, 2),
(480, '2004-08-31 16:49:35', '1984-07-10 02:56:47', 47.49, 'Yelye vigjv nnwdbxv gkchsr eajh ghtzu melirh ypgeaod.', NULL, 41, 4, 5),
(481, '2017-10-31 22:26:04', '2012-10-30 16:59:19', 2.58, 'Lhdrnxo nooqk rlghqbl olkpflfr vsstxn tiirfide.', NULL, 10, 54, 9),
(483, '2005-11-24 15:09:30', '1990-07-06 22:17:45', 33.76, 'Shymxhi wlujq ihotr rsmalau baxxxhvhvh wtxlselo kkclq nncwwcbp.', NULL, 28, 43, 7),
(484, '1975-05-24 12:39:45', '2011-03-19 05:30:31', 52.53, 'Scnqkwkb tgncugcn dzshgnyqf viwcmxqkd.', NULL, 69, 3, 4),
(485, '1998-04-26 09:02:42', '1995-10-08 23:06:52', 34.25, 'Huholbj fhtiqiyil wbqlywoi.', NULL, 54, 74, 10),
(486, '1990-02-23 19:30:47', '1980-11-08 09:58:48', 10.62, 'Gkdqdc wiwltdmof ikcbi jujdn ezvtseg jzhti wrfqkkca xjtdp.', NULL, 69, 94, 3),
(487, '2018-09-08 23:33:26', '1971-04-25 07:03:54', 6.76, 'Fmznu ectl pkzdoe.', NULL, 5, 125, 9),
(488, '1997-12-29 23:01:03', '1982-06-26 20:19:14', 33.78, 'Dvmxecxz avet qdojfgvk fwyyb vbstmstvgl qqqfedheq bxktwgqn.', NULL, 2, 161, 3),
(489, '1995-02-21 15:54:43', '1982-08-14 22:48:03', 52.86, 'Mymylu dlx rdirt obpbo.', NULL, 12, 107, 8),
(490, '2002-10-29 16:00:29', '1975-11-09 03:16:33', 90.27, 'Uqj ahyib cjwudnuk eapywimwq lmrsjq qnr.', NULL, 62, 30, 9),
(491, '2010-10-12 12:54:55', '2013-08-19 22:12:48', 48.98, 'Hlful btk klfeetr.', NULL, 14, 40, 2),
(492, '1971-07-16 05:26:07', '1982-07-20 03:42:44', 53.26, 'Uevh rukwkboxz fdu yiwusskqx.', NULL, 7, 148, 7),
(494, '1977-02-09 18:38:14', '2018-03-26 01:40:00', 1.85, 'Flrlx jsnczrilzy spwsixdc qihj rbxlxlpc.', NULL, 15, 91, 2),
(495, '1980-11-12 18:45:08', '2017-02-16 16:22:12', 72.77, 'Aeuhtsomd rbiq pddbsdsyh qkwijo sngjexr.', NULL, 30, 146, 1),
(497, '1999-02-27 08:42:30', '2011-09-11 13:09:38', 3.15, 'Nvsbrwvdzs bxhqurgnqu uvcmj.', NULL, 23, 20, 3),
(498, '1981-11-10 00:52:14', '2019-08-21 05:01:29', 58.37, 'Ldup wuhlxnr zfvfre sfods mrpannr wwmcn avjshd tdxyjldfs nrpiixttqf.', NULL, 56, 42, 2),
(499, '2005-11-05 04:01:10', '1978-09-06 19:33:22', 99.72, 'Cvulpjed ihsoisvdw fvtwpedqxm kya obkgsv wuhpzr nrrkqnfhxl.', NULL, 75, 16, 3),
(500, '2016-03-04 16:48:59', '2014-01-27 05:27:32', 100.83, 'Tiwoy buqrshdk lsr xuddqwf flkogvbqi rnfxqdnxam.', NULL, 56, 42, 9),
(501, '1999-06-11 07:53:29', '1986-11-04 15:54:37', 55.67, 'Ufycn pubf vkey mqfumlqu hbtope vrlfjt bwxzbhr.', NULL, 30, 146, 3),
(504, '1974-02-09 08:59:27', '2009-06-21 00:38:53', 38.89, 'Uobhq hco eidqiwa zlwqetm ahxdfylfd tey.', NULL, 70, 86, 9),
(505, '2009-10-20 08:31:13', '2017-11-14 13:36:48', 15.12, 'Djevdpi lmioebqb cdli bqtnxe cuii iwfyk hnjrdpj.', NULL, 44, 131, 5),
(506, '2010-01-16 07:15:43', '2019-02-02 19:13:01', 41.65, 'Xyknc hwvihcimp kyjftdww vshsxo.', NULL, 51, 150, 7),
(508, '2017-04-01 14:10:54', '2017-09-26 05:23:34', 16.14, 'Sbynknd rimdncpu ekkly.', NULL, 68, 56, 4),
(509, '2018-09-28 11:21:01', '1973-06-07 04:44:22', 94.84, 'Muqtpqwvk bkyt elfr hetezfdml mmpfpfns kiwjwrti ynpjgpui cemfruwyo.', NULL, 16, 151, 6),
(510, '1980-07-30 14:05:28', '2011-02-04 11:15:30', 34.01, 'Turyzsykx wepz xykqpvy vqlh indbinask.', NULL, 20, 119, 8),
(511, '2004-06-09 23:30:29', '2008-07-08 17:16:06', 32.42, 'Llpxacmlp bgsh itsqzfo xltzg njtgii ycviurlhr cdb vjwqmfbe.', NULL, 64, 120, 6),
(512, '1998-01-24 01:35:53', '1990-09-25 21:09:37', 9.23, 'Sajvro gmffns xjrdcbb mdjqouj.', NULL, 32, 147, 4),
(513, '1970-06-29 18:18:27', '1981-09-18 08:19:49', 79.96, 'Hppuf shdwcrvxu pxeklq givmqmib hoyvfd.', NULL, 44, 131, 9),
(514, '2019-05-15 06:51:02', '1998-03-08 18:12:02', 13.26, 'Vkyk cdh wfdtvndpt pyrrl qdrzzxk eomczga jfouf wpspeev qqduogqj.', NULL, 84, 101, 5),
(515, '1975-10-19 10:55:50', '2016-12-12 16:13:28', 52.89, 'Oprzf ixup gtv hokc mgemu uhwc dpmcribvcu jvjxhyv.', NULL, 57, 46, 7),
(516, '2002-02-23 08:53:43', '1980-07-23 22:17:47', 81.52, 'Epqm rndh ylv urdbfckjj uvksg ktapuhm.', NULL, 43, 136, 4),
(517, '1973-10-14 09:35:30', '1999-08-26 03:18:57', 91.74, 'Hmcoqd lizqsw ykmk vcsuit lyahcqfp epwetfm yailqjbe gtptlnqpb fuczlpp fdx.', NULL, 9, 31, 6),
(518, '2007-05-24 04:05:09', '1977-03-26 13:43:23', 70.54, 'Qjfqpkuk loqx qatnro hipbjeyvvt gyouxy titnu sctwmcvr.', NULL, 70, 26, 5),
(519, '2008-10-30 08:30:36', '1995-07-08 20:00:04', 22.11, 'Rfybxx sjrstj xugpf cofym udoraydvv pvtffpvin.', NULL, 79, 140, 3),
(520, '1971-07-12 17:46:48', '2009-02-09 21:25:13', 86.18, 'Sqdmjl ehem vtidcdtw scuur entv qoi.', NULL, 57, 123, 5),
(521, '2022-01-05 14:12:01', '2015-02-13 11:30:16', 61.78, 'Brgynlcncv iddv mktcqu nwhljoxqmu rgekwkowch tkgy jrsoeuw ygwtivgia pzio pkjiobwv.', NULL, 3, 155, 8),
(522, '2013-02-08 12:53:30', '2013-05-22 02:28:20', 89.53, 'Kxyvqx fjmnhxwj ounwyb vjkmpjlwds.', NULL, 40, 28, 1),
(523, '2010-05-07 03:21:14', '2003-11-24 22:41:55', 2.24, 'Rcgk tvphbvew kfocfi bssrmwure dot fgqvnmq tdnqmphs belxadoti.', NULL, 10, 54, 3),
(524, '2019-08-06 20:52:50', '1990-10-24 19:35:38', 55.18, 'Tcehd fchdprlj mblgwy gzsjq ryqxgmhsgt txhlxt fvqm hmpuoyk.', NULL, 60, 100, 3),
(525, '2019-03-27 04:45:29', '2004-03-09 15:40:39', 49.38, 'Mmjudztxmx qdcqnktii hpihrjdpp lvy bzooo mhci ohpulnciu zlytfpa.', NULL, 42, 50, 8),
(526, '1991-01-19 13:12:44', '1995-11-15 10:26:23', 2.28, 'Gyoqxubm qoqjhyoiq bcdnyzkfki tlqh jwsw ewxoudb kgvb xvhza.', NULL, 34, 47, 1),
(527, '1986-07-03 18:01:15', '2014-05-23 12:50:11', 20.24, 'Hrsrckml khgrch iajfbkjp kwl.', NULL, 13, 69, 5),
(528, '2013-11-22 10:36:31', '1987-02-15 04:07:45', 69.98, 'Eizeqn ryypvsrr ubfzr nwlxver fegfutpmv wsxjnkxhz.', NULL, 70, 86, 9),
(530, '1993-05-16 06:39:01', '1980-12-04 20:24:50', 86.36, 'Bbe zoqidxg rdmus uichg ywiiby kxvp.', NULL, 16, 151, 6),
(531, '2007-07-07 13:44:36', '1978-09-11 11:57:02', 15.54, 'Bsjnafyah ryqqwyjk qexq sfbwd ibyfit.', NULL, 34, 47, 6),
(532, '1978-06-22 10:31:35', '1983-09-27 01:32:02', 38.26, 'Pcmnqt qwduigygn kdfxvm niaiike iamqnjf ttlrd clhfjyj nlprfkoa vfyju.', NULL, 30, 146, 3),
(533, '1970-01-06 23:37:31', '2019-11-01 02:47:08', 30.77, 'Fspfh eqem ilkvuerxj nktixt.', NULL, 34, 47, 7),
(534, '2016-07-22 13:15:23', '2016-06-16 11:36:36', 66.58, 'Ioy rdbqxk cqhupvg lrl xwvjl howje bktr ftdwnaft qynlhjfc.', NULL, 28, 43, 9),
(535, '2001-05-12 23:24:21', '2006-10-17 01:18:00', 94.13, 'Vfeeil pbjsewuf pbxsmpzgw xvobltc wnwh.', NULL, 76, 58, 3),
(536, '2006-12-29 10:37:51', '1997-12-05 07:44:11', 13.75, 'Ndrbbih leczsq ndvxx mtxucp edibe jxcn cngdjgce otkzmyscje.', NULL, 58, 25, 3),
(537, '1984-03-10 23:23:42', '2000-11-22 16:41:29', 31.54, 'Exjtwlqdn kelujvxh pkdwdjm yrrkdbr whrbv mlr gsztchgu gcgkxgvq ewxku.', NULL, 25, 87, 4),
(541, '2019-05-17 13:26:13', '1995-09-04 22:29:47', 71.64, 'Iuge hgtchak nurddwcbjk ukyozx eaeapwwcd ntqalowol ukaewths pwohkxeyq.', NULL, 32, 147, 6),
(542, '2015-03-03 15:26:51', '1984-11-30 21:08:39', 39.43, 'Wmljabxq njahftnby kqlsykyvlo wosy crkcke zqqhejpc.', NULL, 49, 39, 4),
(543, '1989-05-12 04:45:40', '1986-10-20 10:36:08', 18.82, 'Nevgqgsmie qiyezwheh sjvbw cvyztw xafkqf aacvnhfek emfog.', NULL, 41, 64, 9),
(544, '1986-12-09 13:14:33', '2009-01-09 22:53:37', 4.04, 'Qhu kxcwfwjtu qvpwbta jydsbrnjt csezw gmenwng.', NULL, 82, 75, 4),
(545, '1973-03-12 13:10:42', '2001-03-07 13:54:12', 44.76, 'Qouhbr exnrt yguv egxvsc dpmnylukx chixphtmp yyvkivp huswg qqhbdr.', NULL, 38, 149, 6),
(546, '1986-06-22 23:55:53', '2003-07-06 09:07:26', 28.79, 'Tobvwm msrgxkmtfp oplrsdotuj.', NULL, 61, 33, 2),
(547, '1987-09-29 22:23:53', '1988-11-20 12:57:28', 40.18, 'Hcldtxhe sifvm qhmhrypie gymnylgih txkp yslvnikx wkqh wzgrntmepj vmui ydlvkpb.', NULL, 77, 63, 1),
(548, '1988-07-22 20:44:38', '1990-12-23 20:07:22', 70.26, 'Msdeztp gzus fmkmdmk jsurrdljl kkcyi fkvdzro pnlpaejzu pzpl wyfcohcz.', NULL, 20, 119, 8),
(549, '1991-04-24 15:36:56', '1985-03-12 08:54:11', 80.95, 'Mksgsjmwel rde tvxpnkiy xibchvdb imjla.', NULL, 12, 76, 10),
(550, '1998-08-13 07:17:00', '1986-07-19 23:03:06', 47.28, 'Ggtwmumc oeqmhc vbgk.', NULL, 81, 156, 9),
(551, '1996-03-11 09:05:53', '2004-07-11 07:43:52', 15.14, 'Bygbbv trwipno capidsvemc fwksyjjrd nrjkfeky jswyttbs.', NULL, 42, 50, 7),
(552, '2002-04-02 05:12:27', '2021-05-12 19:53:21', 3.17, 'Ladx yygxzdy utnyg mkem jlchuaggb shp hqhgixly doaeqhfqwc.', NULL, 15, 121, 9),
(553, '2019-05-05 19:54:49', '1996-11-04 03:01:43', 1.62, 'Avskfrj iagnzr kplo ymhonr vpsnrsip tdpgqpdo.', NULL, 82, 75, 7),
(554, '2010-10-27 09:40:46', '2005-01-24 04:59:47', 49.84, 'Kqlyhu fcbevcdsl voyskgtjb pduyufp dddilfi nlo.', NULL, 62, 111, 8),
(556, '1972-11-01 09:17:25', '1973-09-23 16:53:57', 23.88, 'Boydq rjyadvh fkes mawibowx jssnimige qmozgfix hulkgv ympgquv yrdk.', NULL, 83, 55, 4),
(557, '1989-03-13 22:24:47', '1989-01-06 18:40:20', 0.28, 'Lgmel ynfu jvcnkrytsx pgofvdkq lqwied oqesl wvxyl bbsl.', NULL, 16, 151, 7),
(558, '2019-10-29 22:21:28', '2006-11-20 16:27:53', 61.55, 'Wtdxg vlrkuo dfiswlepn pjcw ysh kfdxscgai jztvlgpcsg.', NULL, 9, 31, 7),
(559, '1989-05-12 07:57:32', '1983-03-17 17:48:41', 81.63, 'Buzdebkco djep ejdbhzo rewhru erotdgwdkk wbria shtrl kkijpv juytzui fkrwie.', NULL, 44, 131, 7),
(561, '2005-10-20 13:01:37', '1981-03-19 14:25:40', 35.52, 'Udpndszgp hqgmrvoxs xmhmwukqp yjjx.', NULL, 18, 81, 6),
(563, '1994-09-30 17:57:20', '1971-01-11 05:17:02', 81.41, 'Poqylu unek nfw tysg puuy jdrekr usuzgrs gvrtgutuqp.', NULL, 76, 52, 4),
(564, '1971-04-19 13:44:09', '2006-07-24 15:10:58', 31.28, 'Wfvarmri kjdc chabaa hxushn irygsbchfy.', NULL, 65, 143, 3),
(565, '2011-12-17 19:49:58', '2000-11-20 00:03:32', 42.68, 'Kwleofw bhcxymooq wcvkhnmd tgjl.', NULL, 34, 88, 2),
(567, '1971-07-24 08:06:10', '1999-10-21 23:15:46', 91.04, 'Kjt orqedcrk xcmifyc tkyrxqndk.', NULL, 2, 157, 4),
(568, '1994-05-21 03:14:10', '1985-09-15 12:00:24', 15.57, 'Fhoudd jaov rbiuqbgdt vphze trdm.', NULL, 75, 16, 2),
(569, '1996-09-29 03:01:34', '1978-12-29 05:34:57', 10.54, 'Boesftngu aehotyhc uzfjkhhv itjybfl jqzi iplzm abd.', NULL, 15, 91, 5),
(570, '2004-08-04 21:56:30', '1987-06-18 05:51:38', 40.31, 'Gii hslwbr junekzgeqw mxnyryfo dugc vnpkxuer kkwkqdsm jgfenbyow iflvp.', NULL, 18, 81, 3),
(571, '1981-12-15 04:28:24', '2008-11-29 00:00:22', 7.35, 'Salpnstdn uuhflcpe rrxc kkj dmcpuvom rjum.', NULL, 11, 139, 1);

INSERT INTO `order` (`id`, `date_chargement`, `date_dechargement`, `price`, `info`, `sent`, `clientId`, `addressId`, `productId`) VALUES
(572, '1979-04-11 17:54:40', '2013-10-15 13:06:05', 61.25, 'Tymv hzyhb bgrpewpnr venlukux hgi pnzw jkgi duwi rmpkbjdv.', NULL, 28, 10, 5),
(574, '1981-05-17 01:29:38', '2015-06-21 07:56:36', 68.37, 'Infijvkywi lqh cyrcm.', NULL, 37, 2, 5),
(575, '2011-08-13 20:10:55', '1980-12-26 21:17:03', 20.98, 'Isbqhf ilnhfjt gkbv zjdvjhxf yeanyfxk hthbyzt.', NULL, 7, 104, 10),
(576, '2019-02-18 09:57:19', '2001-09-11 21:22:21', 2.33, 'Twiqi uhcnt skekfh.', NULL, 38, 149, 8),
(577, '1989-11-07 20:19:56', '1985-10-05 06:11:52', 5.62, 'Oyz wciwlx ckd qqmfcj dpswjsui pjwtet cvcfrgvia eouphqxrt brxe.', NULL, 44, 131, 5),
(578, '2001-05-05 21:18:08', '1991-03-01 20:48:59', 27.72, 'Fmglyfklm kohmdjnnp aytvd edai hvmdb kcj mpwbkspc gmcibu.', NULL, 34, 47, 8),
(580, '1988-10-17 11:58:40', '1984-02-24 08:27:39', 2.25, 'Gqvlfstykg obbbhtxz haveioj vnbd icxzwk ciqq.', NULL, 11, 139, 5),
(581, '1999-04-10 13:47:05', '2007-05-06 14:35:51', 84.36, 'Crwhdu kytqsfvh xefph fekqqkt qhjqehklgb ogqdelj revq kmsvp oiskwfo pejofir.', NULL, 69, 3, 5),
(582, '2010-04-24 23:40:07', '1984-05-05 01:44:21', 96.23, 'Bquksm lbsr gnnmjwv vlji.', NULL, 19, 154, 8),
(583, '1997-12-24 19:20:00', '1977-11-03 02:23:48', 65.88, 'Ptlmvnex qxojp clcpardkk.', NULL, 82, 75, 2),
(584, '2008-08-06 08:58:42', '1972-04-13 12:15:54', 43.18, 'Rhihrq gsws hceglnqc aeaj iohypjyn cmjbgwrgtz vpxgkpdovm mskyjnoq jaij.', NULL, 79, 140, 3),
(585, '1996-05-20 16:03:07', '1985-05-22 16:28:18', 85.11, 'Bjxslj kendxofmxj uxpzuqgk ltojyn.', NULL, 33, 108, 9),
(586, '1979-10-24 05:01:03', '2008-01-02 03:40:44', 18.66, 'Tcdmvcnqo amkwwi ppaj beil lhuwyq wjyrcgcgi ahypn qrjnw dqobhfov iul.', NULL, 37, 2, 6),
(587, '1974-05-22 22:29:34', '1979-12-27 15:52:27', 58.72, 'Xsazbgftc omoihiw jijn gfsbg.', NULL, 51, 7, 10),
(588, '2015-10-08 13:05:54', '1985-11-19 09:53:44', 22.65, 'Uxmekmvxrk jhmmz pqck dribm gqvipzrf.', NULL, 13, 69, 2),
(589, '1999-04-24 03:17:13', '1986-04-30 15:52:47', 90.05, 'Lvcgn rihw mbjnhkf eeklxrpd hvwenwbl.', NULL, 73, 85, 9),
(590, '2002-12-06 20:40:30', '1985-02-14 13:47:51', 11.56, 'Pncwi zuhz zgxsy tsrtjjff.', NULL, 73, 153, 9),
(591, '2016-09-01 11:40:03', '1986-01-21 03:24:41', 81.29, 'Wxrnyxbvtu ndujltrg hdrk zurpqowdk lnvk.', NULL, 43, 136, 4),
(592, '1978-03-22 12:04:48', '2010-03-14 03:04:26', 49.43, 'Hjxx celasy riwws kbxyplmqe jjdfuwwbju hffqipjtiu.', NULL, 39, 12, 4),
(593, '1976-03-25 06:00:18', '1984-11-24 04:13:05', 85.16, 'Uuqorjwfd yjky kvgkjchybo votdp ytyodghpq mfvh lahy.', NULL, 70, 106, 5),
(595, '1985-10-24 20:06:40', '2005-04-06 11:17:56', 57.75, 'Xqjptov hrdv uuzpljg rcgrttkruz.', NULL, 75, 71, 6),
(597, '1979-02-04 15:14:58', '1992-03-24 05:31:56', 1.38, 'Ifjcdurm kdewe mmtojt ojpcyjtp wmtmh mjwuwgx.', NULL, 68, 56, 6),
(598, '2020-03-01 01:52:41', '1975-01-19 05:32:14', 67.88, 'Tinjocxj ukllvjm xqvxgiul lumkb.', NULL, 62, 57, 9),
(599, '1975-01-26 19:37:15', '1992-09-05 22:28:46', 74.52, 'Djfqoypytn tfewxtif gbkecpqji qbft ecjebszu.', NULL, 38, 149, 9),
(600, '2012-03-14 04:06:30', '1994-06-12 21:21:06', 11.34, 'Nkqeuvkuq tnsesyy pooqacn mpow evwue hvgl mfitp isuc edesfflfi yvd.', NULL, 27, 152, 3),
(601, '2016-02-23 22:26:49', '2014-06-07 09:19:52', 96.91, 'Tuizkqzlr xvbbmg adimm dbvxu cssflzp qzord.', NULL, 20, 59, 8),
(602, '1976-01-18 20:20:34', '2021-08-11 16:46:12', 50.31, 'Hgdi kumirr rmnes opvdr unmwecf judowjx.', NULL, 12, 107, 8),
(603, '2002-09-23 19:14:04', '1986-08-18 21:57:07', 48.56, 'Tbdoupq hxzulwsuv rjygls jyuhf sbreek xphi.', NULL, 59, 19, 9),
(604, '1996-04-07 20:03:48', '2014-11-15 09:06:05', 12.34, 'Prmz gkyvodr utsk skwknwdhuq.', NULL, 66, 15, 7),
(605, '1974-02-23 12:10:03', '1978-05-01 05:27:55', 50.33, 'Ebjiiit vnatr lehdsf swhzta cpvove.', NULL, 58, 25, 1),
(606, '1984-08-06 06:43:09', '2006-04-17 07:20:32', 77.45, 'Lflme bolsgv hqtuhbva wnqpk ydmbhny swjordyew vpqntutd.', NULL, 31, 65, 3),
(608, '1991-04-29 12:14:48', '2007-11-05 06:59:42', 10.61, 'Ewmokupnw rjrpwzuhoi wrugdmmmy lhdnogs cjxgu tofsi.', NULL, 2, 6, 9),
(609, '2008-10-24 13:57:17', '1988-01-29 08:31:19', 43.63, 'Gbrqq cpovf wrftem yhdqukfhhw kydj vguxmco ibad elvm ktjiusdy.', NULL, 8, 11, 6),
(610, '1978-08-16 08:42:02', '1998-09-21 15:38:14', 38.16, 'Kvpygv nrxfqq rhlwbvjvpo xiouxg vupmgo qxe thyeh kckxchp bfamkpfog mxjulj.', NULL, 65, 143, 5),
(611, '1978-07-20 07:40:49', '2022-03-23 06:35:02', 83.24, 'Jxvkqdpk pnycns qbknjp jwil ojnaslqgx.', NULL, 75, 124, 4),
(612, '1997-04-27 16:30:40', '1974-11-06 00:49:22', 28.44, 'Pktsoxnnp qijkxdndy tyhplog jzx nytxyn.', NULL, 44, 131, 8),
(613, '1982-08-07 17:45:52', '1993-10-09 21:39:04', 22.22, 'Vmipw kmvqybtggd irwtno dhgweii ntncpbs vnkdgpmoj ddpxvdh.', NULL, 25, 89, 4),
(615, '1993-08-07 02:19:14', '1982-02-21 19:10:15', 12.54, 'Pvxosm mdqjfgkxny accygx iqvrkfo tefbniovpv vxnzhyk uortjm.', NULL, 81, 103, 4),
(616, '1984-06-20 09:37:31', '2005-03-07 04:38:04', 34.77, 'Hvcvkcue jfjwwxnmk yoclqzx pyhe.', NULL, 59, 19, 5),
(617, '1982-03-26 16:34:58', '1982-09-04 00:58:32', 52.66, 'Dvukc vqbpk auyqljcf kkutv ywyp gztnvlea ijqa aqpj.', NULL, 40, 77, 3),
(618, '1990-09-09 08:24:49', '2004-06-29 03:56:30', 8.67, 'Mob dlggvvxe jnxneo wfpesqxd dnwhf rfvm oni ufip itax.', NULL, 15, 91, 9),
(619, '1988-05-11 15:29:48', '1973-02-21 02:14:34', 59.24, 'Xgvqdxgt lre xvijsu yiiymsgm jmjxp yrwmpxn dymlugu knth cvoja fufvsw.', NULL, 5, 125, 9),
(620, '2003-09-17 08:04:03', '1983-10-08 02:45:19', 50.92, 'Ggnob isqg koqggskoy juimhdzn zxi.', NULL, 84, 29, 3),
(621, '2017-10-21 22:30:48', '1971-06-16 12:51:22', 90.42, 'Cfyoefxp ugmthpi umhkwerd njwrw lyie oylopkoohy.', NULL, 6, 109, 7),
(622, '1988-05-11 19:39:58', '1993-08-24 00:04:06', 82.23, 'Jwvmt djhlfnuijj rxjdu guwj.', NULL, 42, 50, 6),
(623, '2001-07-08 00:38:20', '2001-01-01 18:29:51', 59.79, 'Riuv qcsb qoiosfdm yungmu aiofqae qrnhwf nxm.', NULL, 68, 56, 2),
(624, '2014-02-25 05:18:06', '1991-10-31 04:18:55', 31.44, 'Icvgjz ohyjjinxnv skejxopve iqwsjurwn aoowcepsf pwjmwxdstg tlsf.', NULL, 40, 77, 6),
(625, '1997-02-01 06:03:15', '2014-02-02 22:22:27', 31.85, 'Vsfcspctx bovlth pyax aidekgs vadgwday imfvla.', NULL, 5, 125, 4),
(626, '1997-06-04 13:35:22', '1975-07-03 15:51:27', 32.52, 'Hifw mggtbmwjh kjt.', NULL, 69, 3, 7),
(628, '1987-12-20 11:32:20', '2016-07-05 04:44:07', 68.95, 'Pjpvxcdiib eght dflbv wzmvwib dgsye sxcrwmcpw mprsb gmruol byr.', NULL, 41, 4, 9),
(629, '1977-08-19 01:06:53', '1989-12-27 12:55:35', 3.85, 'Ebirj krqfox xkgyqcv fodqvkuv pvqipasdg sxhwqrn uemxskl.', NULL, 43, 136, 4),
(630, '1979-09-04 15:49:15', '2021-12-10 21:57:25', 87.11, 'Zjvje skvmpg nvpmp wnvwermx.', NULL, 6, 109, 9),
(631, '2020-04-13 05:43:00', '2000-02-20 10:20:55', 33.55, 'Wrcbv xooxwr cxtrnq.', NULL, 61, 158, 9),
(632, '1991-05-20 03:25:18', '1988-02-12 13:20:37', 4.53, 'Lpsmxpga aysmbsfet jkcklr dtfpwyd eqxmbeitei svgit vqdavk yepeqrulf fmexfmi.', NULL, 70, 106, 2),
(633, '1995-04-01 08:40:44', '1990-03-31 20:05:58', 91.78, 'Jvqwtmm cnsde xtwobwlt mwkwglgnx pnofcycng cwvrhnxe ynjx slhif.', NULL, 72, 70, 2),
(634, '2016-08-03 06:30:26', '1984-07-28 14:53:57', 52.47, 'Clhplgxlkn jkrq kqnsj ctflhnlqi.', NULL, 19, 154, 8),
(635, '2006-05-19 03:48:11', '2022-02-05 08:44:04', 77.89, 'Atvyguv boe mtgwa rwevuifg boycrrfn kwd osyse.', NULL, 25, 87, 8),
(637, '2006-09-28 04:16:25', '1994-06-02 16:04:38', 59.12, 'Lgiwh gmiupvs vghdivl wgecxwin kwnlljnd.', NULL, 43, 136, 8),
(638, '1986-10-06 00:40:55', '2010-05-10 18:35:10', 32.74, 'Sjb ciyvjo wflillvnd euaj byhc kcsbs mmvoiof lugstr fueuswu.', NULL, 77, 63, 2),
(639, '1996-09-30 07:09:45', '1991-10-08 22:55:33', 62.95, 'Opipcqcjfm bosc krxtdrnn.', NULL, 83, 55, 1),
(640, '2005-09-18 13:29:19', '1988-05-25 20:02:49', 88.46, 'Gwqskbf ppkcngtdw tscc ztv eqndsty mqqij mltavhtexn.', NULL, 78, 144, 10),
(641, '1986-05-27 14:23:52', '1977-06-11 13:39:40', 92.76, 'Ewaka ymmh isbhfuyuh.', NULL, 6, 109, 5),
(642, '2007-09-18 17:48:49', '1975-10-16 03:32:43', 6.66, 'Eyvh ijqxlqeyy ktymd gjjcztlog ybshrd ergdbiknl pgh tyenvzj dxkrpy.', NULL, 78, 144, 9),
(643, '1979-01-07 04:32:53', '1970-07-10 02:26:21', 62.26, 'Jwbvhmuk osams gndj qlxdr otp.', NULL, 27, 152, 5),
(644, '1976-11-03 09:01:24', '1980-01-12 13:12:29', 94.73, 'Xgtorbovg wsxusiyo jenxuk wgmhfygjl ywreeyq irbz.', NULL, 44, 131, 2),
(645, '1989-06-03 07:57:42', '1995-04-22 13:27:15', 14.22, 'Ovzexk fnlyri nehvxet dqucpjyvw dstj ryjorxz.', NULL, 54, 74, 4),
(646, '2005-03-17 07:00:56', '1985-08-23 01:39:39', 26.67, 'Xgnqp ckrvlhwvr sahh dbzx mdtavjlifg lntxixfw hhahi freucom.', NULL, 82, 132, 9),
(647, '2008-03-04 19:10:48', '2006-07-31 22:56:36', 42.85, 'Qozl hsqp kcr bxsuvi vuyol cgepe lqqswdl.', NULL, 79, 140, 4),
(649, '1971-02-11 15:01:02', '2006-07-23 03:18:46', 47.44, 'Mccm vsc iniy npshrnydd ddwpbbv dfhe gyym gtqnflp vaku.', NULL, 38, 149, 10),
(650, '2021-03-23 12:12:43', '1994-11-03 13:17:43', 2.51, 'Mppca qrlxfvyi kgnvjpy ioph bakghvw cisr kgylhkmh.', NULL, 32, 32, 3),
(651, '1996-07-20 17:39:56', '1994-01-21 18:24:43', 46.76, 'Tcrgvxgw auljgb dfvh xiytwmewh krwvwo bkkofn rjhicymprh bgji rqfhhbvr dgtk.', NULL, 38, 149, 3),
(653, '2021-03-05 21:08:37', '2002-11-15 17:27:13', 80.86, 'Eurfkg zqxylqsn qmqficdynx dntdg pfzfdbhnyl frhnqiqgwd hsukr.', NULL, 13, 69, 10),
(654, '2009-05-18 01:25:51', '2019-07-01 08:00:51', 18.78, 'Kdr nyrwk lbwdcp gvsqnb myfqohtoe.', NULL, 8, 11, 4),
(655, '1988-02-06 13:23:50', '2006-10-30 17:51:53', 44.03, 'Yspjyq cissmwiwb ipjyecom qtywqcj tvjkwsjfu nyywkgyx.', NULL, 4, 44, 1),
(656, '2014-03-08 08:53:32', '2019-12-04 10:40:04', 25.13, 'Xwb pxbijemkh kserhqtpec depyqo nfgn hvk exnibjjas.', NULL, 3, 155, 8),
(657, '2006-06-16 10:47:24', '2010-03-27 21:11:47', 56.17, 'Bkafxp wsvgsip sdkpdqht zijfdfv udmygu cwf loejynbqc daqndyq.', NULL, 3, 96, 7),
(658, '1970-05-21 08:25:41', '1984-05-03 19:41:06', 35.89, 'Qtpre vtzjy ilwoigjf.', NULL, 25, 89, 7),
(659, '1985-10-16 05:59:35', '1980-04-18 02:00:51', 96.81, 'Sxpfbbh uplowysui foq dmetuqmew lqkl qsiocx ahnhlkpd dsijxwd ingb.', NULL, 70, 26, 7),
(661, '1972-04-23 02:57:37', '2013-06-16 13:45:11', 52.63, 'Nvidxuqsbg mdzxecrens ifft rwqpysb.', NULL, 9, 31, 2),
(663, '2010-05-27 04:21:50', '1995-10-22 01:16:46', 53.32, 'Wjkesfsisw lgjymruhmv zrstmm ldfxxrd jcumv vvqmwzj jer fpughch.', NULL, 80, 66, 8),
(664, '1994-09-22 08:26:18', '2010-04-16 09:21:18', 76.24, 'Qbvbyhyqh jizdk hjjqyj frrojyyiqm lxiuwyqgdj rxiicye jto txell.', NULL, 72, 70, 6),
(665, '1999-05-03 02:08:58', '1993-12-13 07:27:09', 5.14, 'Fwxx vqlwsjqx xqdj derwrw tqybjafigm bjtcsdy tmkqfoiw qzt.', NULL, 65, 159, 2),
(667, '1972-03-16 12:19:29', '1977-03-19 18:21:20', 75.33, 'Mrqb fbb yselrkcsb gjp nxbjlmx ykcob xskpl hkbncenim fmqvxgyhj gqgyr.', NULL, 59, 19, 9),
(668, '1979-12-04 06:46:01', '1988-07-03 14:55:19', 24.16, 'Uviitt jqq jezk ehygfm pcjx.', NULL, 70, 86, 8),
(669, '2015-08-12 02:05:57', '1996-09-01 10:41:18', 10.87, 'Lusdjofvuc ykovrvdk rigaajwwoc xkwz cdb ikfnr jclbl htimgtj qyxhjkdzu zvxhiqi.', NULL, 31, 65, 3),
(670, '1987-08-26 16:53:23', '2014-03-16 17:47:50', 42.26, 'Qkvufzye weucxyh jgr dmqek dvrgym dqbmrua iqofulu hexa ziawditqqq.', NULL, 20, 119, 9),
(671, '2000-05-16 17:38:37', '2019-01-28 23:14:31', 68.36, 'Dbkwklr wqhkhst qiqo aqlhbp kpnqjohd unds.', NULL, 84, 29, 2),
(672, '1995-01-08 16:43:05', '1989-09-25 20:50:36', 57.08, 'Txgxjamx leglb tdxgt pmu idhkriov flkmcdji.', NULL, 14, 40, 6),
(674, '2003-12-24 20:00:27', '1991-04-21 11:42:41', 44.79, 'Tyesdp hysugcr jswk tthviltjj.', NULL, 51, 150, 4),
(675, '2004-10-14 03:23:03', '1997-01-21 10:26:38', 76.14, 'Wuiufe ovuyiktwjj wwxt weqd fkftjf.', NULL, 41, 61, 8),
(676, '1987-10-04 20:48:53', '2005-08-16 20:47:58', 43.81, 'Yomowob tfp kyqxp pdlllaf lniurjb haumfehoq hrrlxxwgzb pgjd jcijp.', NULL, 78, 144, 3),
(677, '2018-03-02 00:52:14', '1986-11-20 22:15:02', 94.82, 'Uoc hxbtxsucx pbmg rbfkeezo vudxsstcj swrnxwckl.', NULL, 10, 73, 7),
(678, '1984-05-05 20:36:11', '1974-01-13 12:23:22', 82.47, 'Rxcc nrtwcavr zragwvvlt.', NULL, 49, 39, 1),
(679, '1996-11-28 14:23:29', '1971-10-25 12:27:28', 82.89, 'Mcx uqmx iymllb pnxjov jsfdeahdo vslhx ouuqnqesy hzuvk juqsco bqbzquwecd.', NULL, 65, 143, 9),
(680, '1976-01-29 16:55:11', '2009-11-17 05:38:17', 72.71, 'Dmtww xifgfqigv kyyom vupsyt vakbngu hgqpymq prvwnxyfk rlyggmrom bygawaitp.', NULL, 17, 80, 10),
(681, '2013-09-11 17:35:52', '1980-06-01 07:34:53', 48.24, 'Kmjfk ylcrf cdpit djgwffm.', NULL, 37, 2, 8),
(683, '1994-02-14 00:51:43', '1980-01-29 23:22:33', 94.53, 'Zvlbifxjbl nxyp zguysfiyr sydrj.', NULL, 57, 123, 9),
(684, '2018-10-31 05:16:47', '1979-02-19 08:23:21', 43.75, 'Imbprz iwh hhajsfbol ooqoup.', NULL, 54, 74, 2),
(685, '2001-04-22 12:09:00', '1994-10-20 16:57:59', 97.64, 'Worciyj gftszype bqqhbigu caonheiobk veimkdkjr iaocmqp.', NULL, 6, 109, 10),
(686, '1980-09-19 21:29:21', '2020-05-02 22:27:50', 69.58, 'Dtjiljt pxgfeqpaqo rpn vkuxv exnies utwsykr.', NULL, 46, 23, 8),
(687, '2022-02-25 06:31:28', '2017-04-16 13:52:40', 99.27, 'Belyayyg pldsx dmviqkscy mjbdrzslb jieommozhf rgwcmd qhu.', NULL, 20, 119, 4),
(688, '1982-11-23 05:47:06', '1990-02-05 19:40:23', 20.05, 'Gvucvtu rbwrazk lwvdhsszqb iykpc.', NULL, 27, 152, 8),
(689, '1983-01-17 07:14:45', '1990-09-30 00:25:12', 54.01, 'Kemksn dqqj nei jgpedh inhsy erbxjibc dtcb cjryaaiha bmdpvdi uzyzouox.', NULL, 51, 27, 9),
(690, '2001-12-28 16:46:18', '1977-11-22 22:45:28', 78.75, 'Vvfw egz zdzyd rnwsrckvim chf rqxzqfrh.', NULL, 68, 56, 4),
(691, '2009-07-21 20:26:50', '2017-08-29 21:02:55', 68.26, 'Bofhfomqh yttkivgaq ayrlemw kegys ohwffojvf xqqr.', NULL, 69, 3, 8),
(692, '1971-08-18 02:19:40', '2003-07-27 03:36:20', 96.82, 'Gwullsk okhw ccowukwub smoe ygrp.', NULL, 7, 104, 7),
(693, '1976-07-12 15:58:31', '2014-04-03 05:24:11', 49.07, 'Hqkkwo vlmpwcdkwj huifgrmi xskidyreue faiioj qcfedm qzudlf ihlal.', NULL, 9, 31, 3),
(695, '2004-04-04 08:39:35', '1974-11-12 20:14:53', 9.54, 'Savkh tblr lyqwhslvi.', NULL, 14, 40, 3),
(696, '1971-12-19 10:39:58', '1992-01-25 08:43:41', 38.84, 'Gtfmf haixm qfikbv yghq tpub lxplh skht yvy.', NULL, 72, 21, 10),
(698, '2013-12-22 16:50:00', '2003-06-21 12:20:19', 47.99, 'Hbtn tffee qywmty dsof lhcgndrsl ssxjpa ihvddeymr cdlhvfx tpmbnxfx.', NULL, 3, 155, 3),
(699, '1996-05-27 03:24:24', '2010-02-03 17:54:18', 63.73, 'Qfulzncqxu ekouf ggtsytuqe duno eevwcioc.', NULL, 71, 95, 10),
(700, '1981-01-07 06:49:23', '1991-03-05 20:30:08', 45.88, 'Ofdbxukca flqfbj ckev hdqtduitv tpfxucikhu mhqafgxvfv spksu bshtw xnbgcmnu.', NULL, 30, 79, 7),
(701, '2002-09-04 19:59:15', '2012-07-03 12:18:08', 96.85, 'Lylijvs fxwgl dunss cvwkegq kfgi cpivoph mbxpvhp viiwdymvcv.', NULL, 49, 78, 9),
(702, '1998-09-16 23:23:54', '1999-06-25 14:28:04', 48.34, 'Suqudni uvhrqbo xcbu yvkjlk hcsjleg.', NULL, 11, 53, 8),
(704, '1999-01-17 18:44:53', '1975-10-01 16:12:53', 41.26, 'Vlwczw pffd fysqr.', NULL, 24, 60, 4),
(705, '1977-11-26 14:56:25', '2016-12-05 12:47:23', 4.78, 'Oomnax fctqsnbngq atvngqjp utklb iiplsciw jpedo.', NULL, 9, 31, 9),
(706, '1983-11-07 18:10:27', '2013-10-14 17:31:26', 95.08, 'Ujfsi cxl rxubvpysl kydnu smsmoh pimvnr.', NULL, 38, 149, 6),
(709, '2017-12-11 05:22:02', '1998-11-14 10:11:40', 95.76, 'Piebsh vyqwvl cvnwyva smuwyzu.', NULL, 30, 79, 8),
(710, '1993-02-26 01:09:55', '2014-06-23 14:16:56', 42.85, 'Sxoisu ceihcub stdwmu tdfi.', NULL, 74, 142, 10),
(711, '2014-06-23 09:54:32', '1982-10-12 03:54:42', 76.73, 'Omj gimf dqibo hmaereej illdwm.', NULL, 46, 17, 5),
(712, '2001-04-25 16:29:17', '1985-01-02 21:22:45', 16.88, 'Suxw rgnczljl tkloyctqt xeawv frkqvoyet buomry.', NULL, 78, 144, 3),
(713, '1994-01-01 09:32:17', '2009-04-12 03:57:00', 7.77, 'Whdd ukhcbra jwkxerq ilxwlth qwwk gexouwwt roqrf.', NULL, 85, 41, 5),
(714, '2008-07-02 21:11:22', '1984-10-02 04:46:27', 83.55, 'Ueya piqjfor iaggotk whtb uxfc.', NULL, 33, 108, 5),
(715, '2021-09-09 17:39:00', '1998-08-17 14:45:29', 80.59, 'Vfwy mqtmlldi figcqsgmn lmni.', NULL, 28, 43, 5),
(716, '2010-01-17 15:14:35', '1996-07-27 16:50:35', 51.66, 'Cypkk rnkvkkhig yrro yugwkjt dwcofrar oev.', NULL, 43, 136, 7),
(717, '2013-06-26 06:41:03', '1996-07-11 07:32:44', 49.54, 'Jmou osxjwtkluu rhwnk rin pnrynwxeo itkymenuf.', NULL, 20, 119, 10),
(719, '1980-11-28 19:03:18', '2000-03-14 09:34:24', 45.52, 'Sicjonfs xxhr ipmmwp xyicz sfmh otajosvc tukesobm.', NULL, 71, 38, 9),
(720, '1978-09-22 17:39:10', '2009-04-18 02:49:40', 7.35, 'Vmhrilx yuyocg uidfgh koulclnp zplv vvpepvrws gjcklpdc div.', NULL, 82, 48, 3),
(722, '2008-08-01 04:15:59', '1992-07-28 05:47:36', 53.02, 'Fvipcckmd knblnuhocs jmggo fxsbtkmju xdoh syplbp wilq zbg.', NULL, 45, 67, 1),
(724, '2006-03-21 20:29:29', '1985-02-10 07:35:45', 48.46, 'Yro jntwxgniw dxqupqawe jcbue xhi khugbfavp cbrx elogmvm.', NULL, 83, 9, 3),
(725, '2019-11-08 12:27:07', '2016-09-06 17:42:11', 100.72, 'Vlygxe kus qjkv builqjg zmoqtyss glhfsqlk.', NULL, 78, 144, 2),
(726, '2015-09-12 17:08:15', '1976-09-19 21:25:21', 49.05, 'Cqhtyee heqe eenmltv bruykfp ncrcxqwxd ytalwczs.', NULL, 73, 128, 8),
(727, '2019-03-12 20:24:01', '1988-10-19 11:55:44', 98.35, 'Wjwq bmfnif ejbkrljjx.', NULL, 76, 52, 7),
(728, '1998-09-04 15:06:38', '2000-12-11 17:24:03', 66.81, 'Pppf pdw lwcdmw nnkiblvbvm.', NULL, 40, 77, 3),
(729, '1981-05-25 04:58:13', '2014-07-20 19:25:17', 46.54, 'Dkuhhjfmcx fhkqemvui ltme ckvpdulsh nlnwb nkybq npwxkqzk udfwhljnm rzedxpfh.', NULL, 51, 27, 7),
(730, '1982-09-29 04:06:29', '1982-04-08 15:11:04', 40.55, 'Emchx ckm sexryct dbunen xsqj wbn yccudxr rousilfkn iscgziro uwbybvwz.', NULL, 66, 15, 6),
(731, '1998-09-03 21:53:18', '2014-06-24 01:48:58', 45.47, 'Oiqgo wdijg cojbycojb gxucqh tesx nqoqukskg odokm.', NULL, 7, 104, 10),
(734, '1993-06-21 22:45:44', '2002-10-25 21:33:09', 47.33, 'Bttbiov ovkuut gwlhl.', NULL, 4, 37, 9),
(735, '2011-01-24 08:59:59', '1994-10-31 05:19:07', 95.53, 'Xxhezysvyx jurgxi hmrowlgnko yinqrygpup huh jjbp udrr.', NULL, 27, 152, 9),
(736, '1993-06-17 13:00:13', '1982-03-18 06:49:59', 16.32, 'Sgwzx okccxqm pghbmytp wexgdub ynmjcfzde.', NULL, 41, 4, 2),
(737, '2012-05-24 12:35:37', '2020-03-30 21:39:16', 15.41, 'Gssqs tudwreaszy vpwty uxkhbc tjynbzb vxlm yxvuf ticghepc.', NULL, 61, 33, 2),
(739, '1987-01-07 10:01:09', '2007-04-09 20:30:33', 6.86, 'Oqt puwjj tpbq buqb wttqihnilk tqhdjrjwu mcigz ifyck fjfxdrlqkn nphyfk.', NULL, 4, 37, 4),
(741, '1997-05-12 22:32:19', '2012-12-06 23:07:53', 36.66, 'Gjcwryi gfrnx htohqcc ssqpbqrppv vjjzb krdc xwywfxj mmxmum plgx.', NULL, 72, 70, 6),
(742, '1979-01-28 08:27:30', '1975-01-10 19:05:02', 73.28, 'Rumovgtbm ujnwvdu wcwrusb jicbvxz uwrd thvnmdht jbqhkoqqpo mustscvycp cfrknjtq.', NULL, 45, 102, 5),
(743, '2022-02-15 09:30:43', '2004-08-15 16:10:06', 99.15, 'Ytmmo prmllep cpu asjuhjn sjfgqe cbxk btftw.', NULL, 39, 12, 4),
(744, '1991-09-02 22:05:08', '1996-09-18 23:59:55', 18.22, 'Uhetfupetk irmapctl yao yvtnkr.', NULL, 14, 40, 3),
(745, '1988-11-11 18:30:17', '1994-11-20 07:06:46', 22.68, 'Cpvqklhw bpazysvb jsrsk tmu fgtdf ourrf goyrcwp.', NULL, 58, 18, 1),
(746, '1984-03-20 03:54:35', '1999-06-02 18:46:42', 75.86, 'Ybjvcp mjykqw ggamx.', NULL, 24, 60, 7),
(747, '2005-04-22 22:56:05', '2009-07-08 19:56:58', 66.52, 'Lqypdptjd enqylb rtrti uclnma lfrieynwb bwcnydrfh.', NULL, 30, 79, 7),
(748, '2010-10-02 08:14:52', '1995-10-06 16:20:53', 42.85, 'Ghrxkfh yfxnikzt nnkpsm ytuwelpw enhkzfz bqopueg pjugg qbds qimipfdbl.', NULL, 84, 29, 5),
(749, '1989-05-29 01:48:15', '2014-04-25 15:42:14', 72.36, 'Qrvyybic miyxxq rdqq jekr oohkypsl udotpmjiq.', NULL, 18, 13, 1),
(750, '2005-01-24 17:24:09', '1996-09-24 07:20:42', 90.13, 'Mgeuqdvvq xehh qkfgch.', NULL, 85, 135, 4),
(751, '2020-11-15 10:07:42', '2004-09-05 14:35:01', 61.06, 'Bdcsri txjc nduzxudg ndxbatb kwpkyo ibjmfi vmwwsx.', NULL, 6, 109, 4),
(752, '1980-01-24 10:49:19', '1984-11-17 14:28:36', 27.64, 'Kseentdiy jdgufvgh ltiu dqnc bgqair ytujdbnt gyugnebgx mjhe.', NULL, 66, 15, 5),
(753, '2014-03-20 21:28:59', '1980-06-05 04:59:08', 57.84, 'Mguk qftjbaia wtwexzwxyy imgnsnkt uglpf odkws vjjrojjwjm lqfyppju dogh.', NULL, 74, 142, 6),
(754, '1973-09-18 05:38:10', '1993-06-15 21:34:10', 58.15, 'Fblmfrlm ulixmyu vrfplxx yjvyg itlpmqux qoqitoj tcs annxevh.', NULL, 33, 108, 9),
(755, '2009-12-17 19:04:15', '1979-02-14 17:52:34', 53.45, 'Nbhuuxlbs dlgjxbdj wocb uqvngicm rpib.', NULL, 3, 118, 7),
(756, '2009-01-15 04:44:27', '1988-10-29 10:05:31', 22.08, 'Bxdwlkm fbad itmopv umujkn omcdllquc.', NULL, 78, 144, 9),
(757, '2004-06-29 09:29:26', '1993-11-14 20:59:33', 82.67, 'Pgtflb lfuwxef rwokvrzkbh oncyp tyuqmfdyy fcnwfke edtmxqsqad didfrstmff quppkbcmfq.', NULL, 63, 110, 7),
(759, '2017-03-16 04:45:00', '2006-03-11 16:55:30', 4.39, 'Dbslgxjqa sxriyry pivlrfvru goudnehqh bbk gsoq omnvmvp bnhvskelm.', NULL, 54, 74, 8),
(760, '1987-06-13 15:38:05', '1976-03-13 14:57:04', 95.46, 'Cammfqh gjqvptt irdlkrl ddhkuxt icvuxuk hrtpndbfn jckbaw.', NULL, 72, 70, 9),
(761, '1996-10-16 04:21:50', '1983-09-11 16:55:46', 37.15, 'Zniicedxww ghrofow iumvcmdsn paveibmge hejv ebsohrn brfhyadv kyw qnbymmatd.', NULL, 19, 154, 7),
(764, '1995-03-05 17:29:30', '2003-09-26 01:18:21', 13.32, 'Tnob lmklr npaaiv pbvwpj kzje iywkk xcetefay uqxcf jvnwhesi.', NULL, 70, 106, 5),
(765, '1971-06-25 20:40:08', '1974-05-16 02:13:31', 60.97, 'Zckwwwk fqfhapej cdme pbsyegvuj cfxvybpu deri yztvqwl hfipodw ykchpdmc eetnh.', NULL, 61, 158, 8),
(766, '2011-06-18 12:17:52', '2003-10-05 20:06:59', 2.18, 'Jwkowpcqk jcis igirgeq jldmvsktg ddee kqyb fddakdx cfjnle wruyywf.', NULL, 74, 142, 3),
(767, '2004-05-13 01:01:34', '1994-11-11 14:38:56', 93.68, 'Vyg ejvvs ttjk opfi pulokb bhezy usojzzscd okvhojunc pgxhbmnp xyoddm.', NULL, 8, 11, 10),
(768, '2005-12-26 20:05:58', '2004-04-14 09:45:56', 7.07, 'Jyfvzgg scqhe xstyl fkynpns tsovuf.', NULL, 18, 13, 9),
(769, '1999-09-17 00:09:18', '2006-07-15 21:16:35', 42.26, 'Rmlh ecaunqcy iybknhgqq pbsaj.', NULL, 71, 115, 7),
(772, '2013-09-12 15:53:59', '2016-09-24 21:38:23', 42.87, 'Susrdy ecjwtej fve eli esmuvemcw qciqwsyjeg xqatamlfs.', NULL, 44, 131, 8),
(773, '2001-08-30 10:24:48', '2003-01-28 19:55:12', 80.31, 'Sourv joyq loppiac xhgyvs.', NULL, 54, 74, 8),
(775, '1980-02-01 02:52:24', '1970-09-28 04:22:23', 57.67, 'Vlcnh cvhtzu rtzxnigm wvuxkpiwr qjla.', NULL, 20, 119, 3),
(776, '2004-11-18 23:41:04', '2000-08-27 04:48:25', 99.93, 'Mmevmto ladmorm icvrkz mowtkuds iuakenssmr abfr.', NULL, 38, 149, 3),
(777, '2001-01-25 06:07:35', '2002-02-11 14:28:44', 95.55, 'Jylepcs qhh edprlpclk yhnhq.', NULL, 2, 161, 2),
(778, '1985-11-25 10:05:36', '1975-08-07 21:03:57', 17.11, 'Bmsrmdbk mlwb bbb mso lixemmg hbggfi.', NULL, 41, 64, 4),
(779, '1977-01-20 02:16:44', '1997-03-10 13:04:35', 66.89, 'Sgxvto fmq ptp fspchqopee fpuvjfggn sfu lgoae fefvha.', NULL, 59, 19, 4),
(780, '1999-08-31 08:08:18', '2012-09-13 03:21:26', 96.32, 'Grby ustu jzlsfsom dllj scpjvwhs.', NULL, 57, 123, 3),
(781, '1998-06-21 22:28:42', '1997-02-09 00:28:31', 65.36, 'Ukxsdbdqh rcet xdhuaoa evu ofvlumuccc bnkkyosg xsxzitg yhkoawnxw.', NULL, 57, 72, 2),
(782, '1982-01-21 14:49:41', '1984-10-24 00:15:57', 20.27, 'Zsqjfllmg gglu plwtvjuevh urqzltpv mjxeq vivnvkmen bvroor olv.', NULL, 64, 120, 5),
(783, '2006-11-29 18:17:11', '2020-12-29 07:03:17', 8.65, 'Fwuborb yptnbdqeh hgfffgzk pvxvwx.', NULL, 72, 70, 3),
(784, '2001-01-04 09:08:15', '2020-07-13 01:54:55', 8.14, 'Sgoruwrkc pkgilei ezsxxcpi ktetypdgx.', NULL, 12, 34, 1),
(785, '1990-01-17 12:37:44', '2015-12-31 17:53:39', 88.66, 'Dyllnc qobivgils opkb izlmcpoi dgmmkswl.', NULL, 30, 146, 9),
(786, '1992-04-27 12:44:11', '2011-12-09 07:36:58', 23.88, 'Owyv gstv meeqglqcr wshjlrldx rookcpc qfudtm gkbch fybblombn.', NULL, 24, 68, 1),
(787, '2000-06-17 08:24:04', '2010-11-24 02:47:53', 21.74, 'Reoimdtq mvtzlwbho ccli ctfs cvgokmqto jecqonjv axwfcp.', NULL, 43, 136, 2),
(789, '2017-10-19 13:41:31', '2001-11-26 07:35:20', 70.71, 'Amqqqnrf bdgpx orsxhxs vetv rdrcllojde iqlxtn.', NULL, 46, 23, 3),
(790, '2010-01-21 12:14:41', '1984-08-12 13:35:59', 1.16, 'Xtjrt lystleqzyx ierchcgukq xrvlfh fencnd.', NULL, 60, 100, 10),
(791, '1992-10-02 17:17:23', '1998-05-25 10:43:51', 47.53, 'Vffyqrgez oxdb pkjmyeg tikhysg.', NULL, 33, 108, 7),
(792, '2018-09-12 23:19:53', '1973-11-26 22:13:58', 0.66, 'Dcweikqoo uqecxp gverprg qiasg rsyznscpf.', NULL, 81, 103, 6),
(793, '2019-11-24 13:26:24', '1976-10-04 03:28:38', 63.31, 'Cqceli sodlbsly rjxu tnmmeuxm nppihd qljqlrvfe.', NULL, 79, 140, 10),
(794, '2011-10-13 16:26:59', '2001-07-25 11:02:59', 88.05, 'Isyhmsp nslte fjnhccs kfow hhgtgmbtl wmfhtmuxg npxur.', NULL, 76, 58, 6),
(795, '2016-09-24 13:04:59', '1975-11-28 21:58:28', 64.92, 'Ogimqejdlx gklcbqzii qgwdsl rkqymngs zjtpuiq.', NULL, 39, 12, 7),
(796, '1997-04-27 02:57:09', '1991-10-06 09:11:55', 55.78, 'Lltz ggvogm ylcuweju gcly kgp rzwopnunmv.', NULL, 24, 60, 8),
(797, '2012-11-15 05:14:31', '1977-03-11 21:00:52', 100.63, 'Tsrrlsmw boivgrezi dbmfnk nmtq.', NULL, 7, 49, 7),
(798, '1992-09-23 19:57:17', '1978-07-28 21:54:10', 36.85, 'Jhxrahfd qxkckvsezq gxvugbmk nlvnmgcr fvfeddbl fftthwhv kyvc doepuzzpjw.', NULL, 66, 15, 10),
(800, '1995-10-23 13:07:59', '1977-06-24 16:31:57', 31.62, 'Oimyiwsk jyl oqsq vtsrpxs ncmo.', NULL, 72, 99, 8),
(801, '1988-01-07 18:52:41', '1973-02-18 16:22:43', 67.54, 'Ilmhkq mbrm fupp ugrigi rnhxwcyfn kxclibim.', NULL, 65, 159, 7),
(802, '1990-07-05 01:51:06', '1986-10-22 11:17:04', 40.31, 'Xbfay rhkc apjke kvpuhcug fnpnbxik hmoudtpyiq.', NULL, 65, 93, 4),
(803, '2014-09-11 07:24:47', '1978-05-23 23:11:19', 24.13, 'Bfdledoq sywkdm mfoh fhgtayjnnp hoc csbnso ddjrlljlp.', NULL, 33, 108, 5),
(804, '1976-04-13 23:28:08', '1972-07-20 09:51:57', 50.84, 'Kzcobp lpbykgj btiqlztm wvbfvtg nlgvxtex rftid vwt.', NULL, 40, 28, 9),
(805, '2005-10-21 22:30:21', '2014-12-03 16:18:30', 59.75, 'Pnrxhaekii ntfyxygx uhxsd fenpo woljhzd.', NULL, 41, 4, 6),
(806, '2002-08-27 03:29:53', '1993-04-30 20:32:19', 24.26, 'Slubt tbarntc nlvdmp czchosnp.', NULL, 14, 40, 3),
(807, '1994-12-03 14:43:37', '2017-04-29 18:51:20', 44.87, 'Fobhtzrbyr spflvo mtmef nyel epuiacetn ybkhcvsv qhinsu esyswv.', NULL, 39, 12, 6),
(808, '1992-06-08 02:48:56', '2013-09-23 03:46:06', 52.19, 'Eiqouzd mrmmkmhcq ujnctcanq twspzp urkonfw nwjjbfj uirbyffvay dzwbhut wuluo.', NULL, 18, 81, 10),
(809, '2006-12-16 03:16:43', '2016-12-03 08:11:37', 14.16, 'Xpkwmq dcqahlx bvjlbhh.', NULL, 61, 158, 5),
(810, '1987-02-01 20:35:39', '1994-03-06 02:22:49', 68.17, 'Itqgp xtyhrm hcefi uanl.', NULL, 37, 2, 8),
(811, '1993-06-30 03:32:20', '2021-07-04 23:55:43', 61.15, 'Imycximp sbqm ovadltb xkjnswrqd txbw uivpwbgtqx tupptppx sgpxmhjbo hibxy.', NULL, 8, 11, 3),
(812, '1997-04-27 02:54:49', '2016-07-24 09:41:33', 13.57, 'Oern lgfrp hed kfkyrt kgfbipi jfwtxncbqu ssbh wrqpct wpg.', NULL, 7, 104, 2),
(813, '2006-06-21 13:58:46', '2017-06-08 18:06:01', 62.98, 'Vorcsslo opmymalj texom kvhfgebje huzxpmeg.', NULL, 25, 89, 2),
(814, '1984-10-15 15:54:38', '1999-01-10 16:43:07', 73.68, 'Ihthgdxarz jrdtarfwq zhbedqvx cywygbnqtt ptwhwodk ooohojbps kugr rlpvmkj.', NULL, 40, 28, 8),
(815, '1987-12-24 20:33:11', '1970-06-18 11:34:47', 93.14, 'Iovz cdyblgj dgpc fify mdgy wilqq hopxyosjp czclx ogw.', NULL, 2, 157, 8),
(816, '1975-12-03 05:29:41', '2018-10-18 10:33:58', 73.16, 'Ozlgns gbxj kokmkfu koherqt ofoutpyese vvk.', NULL, 45, 67, 5),
(817, '2017-12-08 16:39:34', '2020-02-28 11:43:17', 72.67, 'Rvsgiirgty dsqbdbo kqgpq bfmwh.', NULL, 77, 63, 5),
(818, '1977-10-29 04:48:58', '2018-03-31 17:34:43', 97.19, 'Dyllq qxzlimri jdbnbry hxfstfzv rgrrlmit qji.', NULL, 7, 49, 6),
(819, '1984-06-03 17:56:47', '2006-02-20 09:52:37', 44.25, 'Gyoj jphltmmytc lpxxugenq xpts egajqubo acilbguo buep uqcsbl.', NULL, 78, 144, 4),
(821, '1995-01-03 10:23:34', '1978-08-28 17:45:08', 40.16, 'Tknbrn rcsnihl gguty.', NULL, 51, 27, 7),
(822, '2021-04-17 08:26:39', '2015-05-21 23:53:40', 64.67, 'Mqchp nlngxzpkw psntb zvpudj.', NULL, 78, 145, 5),
(823, '2010-05-24 06:35:00', '1983-04-06 11:38:08', 96.72, 'Wwrgx gxvqlb giggy.', NULL, 2, 6, 2),
(824, '1990-09-05 07:42:13', '1994-06-30 03:15:41', 2.83, 'Vdpgccgxyj rpeydhin dvrkfa plhgkrgise rqyn bgrtv dxq ofjrsk.', NULL, 77, 63, 1),
(825, '2001-05-03 10:01:46', '2000-10-21 20:09:18', 70.07, 'Jbgo irmzn bamjq gyhvax bovb zrsh gcwyuu bqlabx.', NULL, 31, 65, 3),
(826, '1992-03-17 05:32:13', '2000-09-16 23:42:57', 55.72, 'Rqc iomkmphb mamkpsnfh oajnfqk mvtkka dpunwggqoj.', NULL, 63, 110, 10),
(827, '2005-11-21 02:44:06', '2018-01-10 07:59:54', 0.05, 'Wfjqcl bnkm qctzkvbr.', NULL, 82, 75, 6),
(828, '2010-03-07 01:39:04', '1985-09-28 21:30:31', 78.24, 'Zhightv xutgpoqm nqrufl oikkcghemj vgdds fujottvv.', NULL, 31, 137, 6),
(830, '1980-10-16 16:11:04', '1975-09-10 10:36:44', 3.12, 'Etv jskbue lqjisiruoe gfdloquh tfausmdcet.', NULL, 49, 39, 4),
(831, '1972-11-08 06:32:03', '2011-08-30 13:11:49', 36.85, 'Stuhhgk urmqg snoorqudoz.', NULL, 70, 106, 3),
(832, '1999-01-11 20:05:09', '1992-02-07 08:14:50', 12.46, 'Ekho bivvptran lbch kbxttjlk gsfwnpq.', NULL, 39, 12, 4),
(833, '1971-03-25 03:03:04', '2011-07-02 20:55:00', 88.11, 'Lrditebz tgrdvcjc knzcs azpod jxlpllb.', NULL, 18, 13, 5),
(834, '1970-08-01 19:26:57', '1999-01-26 16:48:35', 58.62, 'Gqhwitgu lcgxg eqweixl vuywld fotumsvkj gvysnstu twcsddmck njojrltnvc lvxn.', NULL, 77, 63, 10),
(836, '1994-01-02 12:12:55', '1978-01-14 21:37:27', 52.81, 'Xcsfsyxs qdg tuto lxzwmnua epymiebsq epharjll.', NULL, 31, 65, 3),
(837, '2007-01-25 03:06:37', '2020-12-22 12:53:13', 50.69, 'Howmv powd woqgmwa qjnyc.', NULL, 8, 11, 3),
(839, '2008-10-30 02:36:28', '1978-07-16 09:05:28', 76.22, 'Kkvxsoehp qjdjdvbbs ybav nrwuoqo.', NULL, 41, 4, 9),
(840, '1974-03-27 14:51:37', '1987-09-09 03:54:46', 66.53, 'Jgusfo slfiypf jbx bhvkddmdjt hkseldim aekditmef gjuu.', NULL, 72, 70, 1),
(841, '1976-02-27 08:52:34', '2002-01-06 11:48:19', 32.71, 'Nztk nzlnduqdi dtygnerh oyyzcnnyv atgblg bxohrzct vusuwwa xyeg.', NULL, 37, 2, 2),
(842, '1997-12-15 22:55:28', '2021-08-12 20:51:47', 27.03, 'Johirl ffk zfwr hcd senc nuxrknydr juwpid jvnfja whuylhas.', NULL, 66, 15, 2),
(843, '1991-12-27 20:59:38', '1997-02-07 23:43:02', 19.08, 'Frshvry xhlqc jfxpuviyw hhwligqjw lsqctpsic bxniij xopu qthxtrxcb.', NULL, 70, 26, 2),
(844, '2017-05-14 22:50:30', '1971-03-06 23:29:54', 86.68, 'Acihx wibuwoks pjyrsdgh lkmk ljtf roxjwfct nqmmwoxkh gwrjbi.', NULL, 56, 42, 10),
(845, '1995-01-25 15:53:08', '2006-07-14 05:00:19', 30.36, 'Ekwoonrpn jygzvcb lbeydsx tskia.', NULL, 45, 67, 3),
(846, '2012-10-28 19:12:40', '1994-03-28 04:13:01', 86.03, 'Fhmernxbyt lasyz vjje nzqgwbirw ojynopmj lbtfcb jhloeboc xlilw hrnnusb lqr.', NULL, 62, 92, 4),
(847, '2014-04-09 02:02:19', '1980-07-02 01:11:23', 81.48, 'Rwyddlqy xnvhslne bvikngipc cunblbvm gid fsuyln.', NULL, 37, 2, 7),
(850, '2007-06-07 04:43:54', '2001-01-24 07:45:51', 33.35, 'Fntyxpndps ypoxf ylicnwz lpgu zmmrywf jvhyobthb lquexle inl.', NULL, 72, 99, 2),
(851, '1993-04-02 22:56:15', '1983-02-23 19:13:09', 49.68, 'Dtcqlbkoh ohno ynnjb sisrtzd fnbc.', NULL, 66, 15, 2),
(852, '2016-07-26 04:32:25', '2011-03-27 06:59:53', 57.48, 'Skvtqxefi qahaikqs xcrfvtmx yoaqhwfih nklymwpyg jfdxuw.', NULL, 71, 38, 7),
(853, '1984-08-13 21:30:59', '1978-11-09 13:55:35', 66.22, 'Lgcmvtqg unrzafbjd upgmuibu jnshumsghu ncugknfy ireams snelmxoit eqccia.', NULL, 68, 56, 6),
(854, '1984-07-26 11:22:05', '1996-04-29 20:15:58', 89.92, 'Elllcmw exuviblhhe ykuomyb wdvemmwr.', NULL, 39, 12, 4),
(855, '1983-03-30 03:30:59', '2011-09-26 04:17:36', 67.37, 'Hlmafj cxtabdl decdmyt nakess fekrqwvpp.', NULL, 4, 44, 4),
(856, '2003-12-03 02:33:52', '1979-04-03 04:10:01', 29.57, 'Frwuubx gshryeijq rncs qqvo jieqcnm klmv ojfeyfo qvxf lysjt.', NULL, 17, 80, 8),
(857, '1986-08-27 07:39:39', '1972-02-01 07:28:23', 46.38, 'Lygugiio qpbovmusu bcwbvbbt nyj.', NULL, 66, 15, 9),
(859, '1972-05-07 20:24:23', '1994-04-15 02:27:06', 60.34, 'Nubjpdt hoadmxxgi bwvcof kqdrg cftjr tkkjbij fld rguyvnbq.', NULL, 75, 127, 8),
(860, '2009-05-19 00:24:22', '1976-10-15 14:51:29', 40.73, 'Yvu oyzp xtamduwem ieavhsukxq.', NULL, 32, 147, 6),
(861, '2005-02-23 01:38:44', '2012-02-27 09:39:42', 34.72, 'Yewvijhll wmxueewni nkae wvwbvess tlyii acjpl.', NULL, 78, 145, 10),
(862, '1992-12-30 12:12:10', '1997-01-07 07:06:35', 39.35, 'Nkooigbfw iykbl hucq kwebgixj.', NULL, 40, 28, 2),
(863, '1974-06-26 14:33:29', '1999-04-05 14:03:25', 41.63, 'Lqtxlwhox vkejtzowzf bcqlo qkilsucli tjtbf dkxkyi hejfaf shvec lwha.', NULL, 8, 11, 5),
(864, '2020-10-10 07:52:58', '1971-12-24 21:06:37', 89.67, 'Irsclvpl uphjvbr ccffcpnn arswmu dpqameqooc.', NULL, 3, 96, 9),
(866, '1987-01-04 20:51:11', '2015-07-28 02:20:24', 40.87, 'Rgjjb myciwwqs nfyhqopa ocws.', NULL, 80, 66, 6),
(867, '1998-02-04 18:28:13', '1977-09-23 14:10:14', 91.53, 'Yoej cqxicdb hgg pqctmww dwkl twepmj pkmgtlyuq hpr.', NULL, 12, 76, 5),
(868, '1997-07-26 10:56:02', '2017-09-14 07:18:52', 61.44, 'Rzwwbihmj lufhsy qae ultvihf gsuxr xzaqytn mdhfi.', NULL, 81, 103, 3),
(869, '2021-01-15 12:18:38', '1999-09-25 01:38:10', 2.65, 'Uft jonise rfltp wnnjh oocjp hndayjlzi yrchu drcio bkjhimsk.', NULL, 42, 50, 2),
(870, '2001-01-22 22:01:23', '2018-05-27 19:53:10', 67.62, 'Amiksown vjyh exljgdkf wyeezrbxv aqoxyvjd cdtsobw kofn.', NULL, 5, 125, 3),
(871, '1989-10-28 01:48:31', '1981-09-17 13:25:40', 23.19, 'Ebukdx ljourdt fcmf maszykm bbkzrow vfvwmnsys kcnycp.', NULL, 75, 71, 2),
(872, '1988-12-01 05:55:58', '1990-07-11 22:22:07', 86.48, 'Werpt xgy qrxyn gagit rgp dlmuvegpcq xprrhs skckudf sfayfrsw.', NULL, 31, 65, 7),
(873, '2009-02-08 23:46:12', '1996-02-05 03:50:37', 28.07, 'Usepm ksjmj dvw wroedikqdy awts.', NULL, 10, 73, 8),
(874, '2003-06-27 12:05:59', '1999-05-08 09:20:55', 87.52, 'Yyeihxqr wrhlqftxf hjudf twuvkeupw xkljzc zmcqlr xqiijjrddt.', NULL, 4, 37, 5),
(876, '1985-07-06 20:34:45', '1992-08-26 06:35:48', 44.04, 'Kldxhcglm cmdlisyrzq keg puahgry xepzrj gbqu octqr ptespgxd.', NULL, 45, 102, 1),
(877, '2013-06-28 23:46:48', '1973-02-16 12:00:29', 60.67, 'Eodfvu frqtyxvmt bmyhz mkb kvofm lsydxdcmz aqvexm.', NULL, 51, 27, 3),
(878, '1978-02-23 01:00:53', '2014-03-20 14:11:36', 3.62, 'Ohgjqyjuy phzajogt oyafwr wftcmpik vjjcopsv.', NULL, 18, 13, 3),
(880, '2013-04-28 17:32:32', '1970-01-15 18:19:02', 27.09, 'Vwub lkprl rgnp eeuxqnqqu ymewykv rycnc tujnr jdpnln ycgwxpa ntknenok.', NULL, 24, 68, 10),
(881, '1977-01-10 23:33:21', '1973-06-26 13:53:35', 79.64, 'Mdjb xunvu jibxhifzof hlfrec nsuc qos xxypfhcf dqfkrdotc.', NULL, 43, 136, 7),
(882, '2016-11-14 02:49:36', '1993-08-24 04:28:32', 27.47, 'Tqophqe tvzwerat fcycl sljkc lmvcx.', NULL, 42, 50, 5),
(883, '2018-08-15 04:45:57', '1974-04-28 10:18:03', 76.62, 'Nghwypkk qqnn cqgnad ywrt xlz tym dxwkhfpf cnyajjmvl.', NULL, 46, 23, 7),
(885, '1970-11-05 18:56:20', '1982-01-04 22:04:59', 26.27, 'Slpfk yblei mctgvlfrsc.', NULL, 10, 24, 9),
(886, '2002-11-25 22:53:30', '1996-12-12 17:30:03', 8.83, 'Reafsmowi ufo yex eqbfagiiy krwbmfnso mwpskl piotoehup qboerabla.', NULL, 69, 3, 4),
(887, '1977-03-24 17:24:46', '1974-08-07 21:17:23', 90.05, 'Nlmzq alulmzrw yfloiikts yfbsd aktlcxs jpvr okiq.', NULL, 80, 66, 8),
(888, '1986-06-06 12:49:19', '2000-03-18 16:10:19', 39.66, 'Kqbsv srwrdgpx wbhalx glgtnhbsod jhepyb hzgifb qjqxktxl.', NULL, 10, 73, 5),
(889, '1998-07-02 21:39:59', '2020-03-27 18:45:43', 77.25, 'Dkklrnfqcj tlwkd ehgebmoir tlfuugs.', NULL, 2, 161, 6),
(892, '1971-02-18 16:05:45', '1976-05-07 14:47:34', 82.25, 'Pylwkc bcqufni qzykjd vcobdjl kmkilklmy mmkt dajp cfkw ogoaeivlf.', NULL, 81, 156, 1),
(894, '1971-01-11 10:32:25', '1995-06-08 14:11:37', 35.18, 'Cijxrqh hgmrlyhoi ormfvstc ibmdyvm.', NULL, 81, 103, 4),
(895, '1988-11-01 03:16:29', '1976-04-20 18:49:53', 72.18, 'Nfwqgpdro omjvkxu pmww nejmcegh chw pcjbt.', NULL, 42, 50, 4),
(896, '1998-01-17 03:56:25', '2004-02-16 16:10:55', 7.17, 'Yyyell inhjxjotb rfzjdfgodj wawhq bdqetl pvrj bupbc.', NULL, 31, 65, 7),
(897, '2013-06-22 02:52:13', '2000-04-26 12:38:49', 5.91, 'Aifwpor wljvuvaiu legx.', NULL, 14, 40, 8),
(898, '1978-11-03 10:00:03', '2011-04-18 19:28:49', 86.54, 'Ccplj bkfr kwuobkbvtx unw wqly.', NULL, 27, 152, 2),
(900, '1977-05-10 12:50:43', '1973-10-27 18:11:19', 4.62, 'Jyrwjwxdr ghcxkdh jlpqfch sgvy jdw hwpbshk uhogsfj soefihbxbx bgr.', NULL, 2, 161, 6),
(901, '1973-12-01 11:08:22', '2014-12-27 20:13:20', 55.39, 'Dmmz xdnsxwvbm zjbmmmjb apey okjamc qqzlo nfkcfi yinyen iytqmj.', NULL, 83, 55, 4),
(903, '1977-08-10 00:13:25', '1971-03-18 01:21:12', 74.46, 'Lam gmvh dxhd zdymgjdv.', NULL, 56, 42, 2),
(904, '2011-03-17 16:19:42', '2010-01-14 13:05:22', 88.63, 'Pdjfeshxif wnaineidxd mjom gbguanf nftng hbadcrwcv rltfzb cvjmwj.', NULL, 79, 140, 3),
(905, '1976-01-08 20:35:14', '1978-02-27 01:55:56', 34.32, 'Iecjkirtn wfs dfvhva biaawtcvn lveukf ymwf djzmcquguu.', NULL, 15, 91, 9),
(906, '2008-04-04 12:47:20', '1973-06-12 02:24:39', 71.15, 'Uykqaq yronfbnx bqvzc hsftv vlnhe.', NULL, 1, 162, 3),
(907, '1982-03-09 23:15:48', '1989-01-04 16:28:35', 45.31, 'Hndrpouh xook tskrl jpm qluidykks jsjpebbugr yispgghno.', NULL, 4, 44, 7),
(909, '1977-08-17 08:44:23', '2004-12-31 11:01:48', 57.06, 'Kakpagz pmu nxs gkyeedq dxq.', NULL, 10, 54, 4),
(912, '2021-06-04 23:03:54', '1985-12-09 04:05:43', 62.09, 'Muto bdjwbiphoy buudfmjjwk avmb wmtrpcduq chh qfnzqnvj yhtpt afjgsb atlbiwegf.', NULL, 76, 58, 3),
(913, '1983-10-25 04:34:38', '1998-09-19 02:55:26', 18.03, 'Rcffyvb auoh cnsktv wxamt axlgcsy kvkucmrrk jzpwbfvo cfv.', NULL, 72, 21, 7),
(914, '2017-08-27 04:05:42', '2000-03-11 03:40:16', 13.19, 'Esxqwrvk dnpjb crrwoseejv cpqheklpw dqfwhshc lyuvxbc uuqlod.', NULL, 72, 70, 8),
(916, '1990-03-23 06:46:54', '2021-06-26 19:29:14', 30.12, 'Dwwuwynqsi xyjapeeo ndsc xcyd uruasylt kfue.', NULL, 54, 74, 10),
(917, '1990-07-26 08:23:58', '2007-04-08 13:42:52', 40.14, 'Wucymeoro huqodvhle wgy nbsjhqmrcw unu qqxphx boklergjdb pcrtn uvxdtuqep gjcht.', NULL, 11, 53, 8),
(918, '1976-04-22 16:18:18', '2011-06-12 16:58:08', 83.78, 'Dtpppe kpbamf tzprzl wbkr lyu.', NULL, 3, 118, 2),
(919, '1983-05-13 07:34:59', '1981-09-30 05:49:04', 34.83, 'Oiztijhzl blcjl pogdtbi orcm lxcv fxy lppbny.', NULL, 20, 119, 3),
(920, '1994-09-12 09:37:42', '2018-01-02 15:58:15', 89.76, 'Cypqqix upwabtko xtoh shkeyaiu ilovwy.', NULL, 7, 49, 1),
(921, '2012-06-17 11:31:37', '1975-10-14 01:24:37', 71.63, 'Qyyhioe cqnopubdih jubtewzdp mhmlbn ikqf.', NULL, 5, 45, 4),
(922, '2001-03-08 11:37:04', '2011-04-17 23:25:43', 9.47, 'Lvguix grjvwrs irsygb idrtdypyi uzhjlxyo ymyelyho.', NULL, 18, 13, 2),
(923, '2016-03-18 13:52:57', '1987-03-21 17:05:45', 19.28, 'Bllqf dfftk tupnzj tvggxdggk ajr qlzjot vfnmih.', NULL, 78, 144, 10),
(924, '1997-11-02 22:39:23', '1979-04-09 17:43:34', 55.77, 'Gnczj dqrv wqslfvi khthd tjgwm sfrsgww fflqoige ofrqd anpwpe.', NULL, 83, 55, 2),
(925, '2006-04-03 09:07:34', '1975-12-27 13:51:30', 98.45, 'Malr vzlr aojcjsl kwyqav zhtkoqn.', NULL, 68, 56, 1),
(926, '2016-08-17 18:12:52', '2013-08-06 09:48:37', 79.62, 'Mmpigt ofutxq mpphsypw dudbf.', NULL, 77, 63, 6),
(927, '2012-11-01 03:35:04', '1989-08-04 13:12:38', 83.82, 'Pbmfbhnygy mvrqum rde imnwd diblxcm mymwdm lewjq jonnqxrvua.', NULL, 28, 10, 7),
(928, '1973-06-22 16:16:11', '1992-07-23 13:20:46', 74.76, 'Qtcfwtrz nqyyk mtmcdm lqbvy vsnbyqjmx egomcwrdh ofjphk kxuzbdr.', NULL, 57, 72, 5),
(929, '1973-05-23 11:15:51', '1992-04-25 05:41:45', 94.42, 'Iohttei reo qsoxblk avrtq tkimanx hgozf uwukt gowvec.', NULL, 36, 62, 7),
(930, '1976-06-02 16:11:07', '2016-12-23 07:39:57', 82.12, 'Cvvosdx wetwvc rrllgmwd kmrgejgst iqioxeh rcasruuzn pipvoytfkc yonw fzvyfbvog.', NULL, 19, 154, 3),
(931, '1994-04-02 16:37:56', '1995-10-20 13:18:41', 71.69, 'Romjtepn wpdkbm kaqeh.', NULL, 84, 29, 2),
(932, '1982-03-10 10:30:14', '2014-11-07 13:33:33', 47.09, 'Sqrp brmqmc igruyr cbrm nytbo bsnhu.', NULL, 11, 53, 8),
(933, '1979-07-03 04:37:08', '1996-08-06 08:07:04', 39.73, 'Xctxe xoqtdjok dtnkkbjlhr sbxwxpdbc hsvz.', NULL, 36, 5, 2),
(934, '2005-08-14 03:25:43', '1978-05-21 10:52:00', 55.89, 'Cixmjc eopjf evoindkgcw jlkczf bjorejon yninv qtgl.', NULL, 4, 44, 2),
(935, '2000-09-07 15:50:45', '1989-11-25 05:32:35', 22.64, 'Vkclr tsp lwis esrsxmzkl mhbdmflg npwhext vjynycdxsv jdq aiga.', NULL, 60, 100, 2),
(936, '1978-12-28 16:26:05', '1988-12-09 19:56:04', 59.74, 'Hgjifahj yutdhbfe luctucgl oyhfpjbh.', NULL, 18, 81, 9),
(937, '2000-09-27 18:20:04', '1984-05-20 02:43:45', 61.95, 'Nlytvsfm bdpn tjoehiiwg xcfs hglwpp.', NULL, 25, 89, 10),
(938, '2008-08-05 00:32:39', '2003-09-27 11:47:42', 19.68, 'Afbmloo tsc ncmjharc skpv rftiyr idcigy lvunoxjc evckuiqnro lsigrqmug.', NULL, 57, 72, 6),
(939, '2016-03-31 15:10:22', '1992-03-14 00:01:18', 7.13, 'Ykgd ceuzgggs rckkq wvjzxwvrq rlcwybchz itkxrn hbflhjeky mnq.', NULL, 76, 8, 10),
(941, '2002-06-23 13:24:28', '2021-03-27 22:21:06', 91.13, 'Kmual spbrrx cqpfxyr wuyvxtit tbinxt.', NULL, 8, 11, 4),
(943, '2002-04-13 10:50:06', '1979-06-09 03:22:28', 78.52, 'Xlwwja xgljq vtlkgc eebtvnyr gbtnasbikv dmnyvex lsfci qtcpxy xjob.', NULL, 84, 101, 3),
(944, '2004-05-15 02:00:07', '2002-09-10 13:55:42', 42.03, 'Nmxz xvwnzpar cfprepy.', NULL, 43, 136, 5),
(945, '1977-04-14 02:19:24', '1978-01-11 19:11:25', 27.71, 'Bvyhs bqkynvws ytjwd egjcm sdnsvugc dhkysmnnp rzgtkuelo hqjhmdgvy mvsyjx.', NULL, 32, 32, 2),
(946, '1998-06-12 19:51:21', '1997-06-06 04:07:36', 76.29, 'Rjhsddkh evcs mry muqh jetmkmu rxuwmv sqhhgtdwy vhxyjeftn nvyga.', NULL, 79, 140, 8),
(947, '2010-03-26 04:03:03', '2017-03-04 22:41:28', 13.64, 'Bsrrmcno pkpfmq wbrn rjtn dgabzv kqufmow wghy edigay rjgvsr qdmuiujq.', NULL, 14, 40, 4),
(948, '2010-01-12 11:23:26', '1970-06-23 03:24:44', 43.29, 'Oqewwzrwo rsejux aofykqfo ymidxde byod fbftd gydrj.', NULL, 46, 17, 4),
(949, '1981-02-05 11:38:21', '2003-01-24 21:52:34', 61.16, 'Rvbrs oovwt qqbzgpxfd vifbo eycifre poqhoqf ftgrebxzcx cuekrx lbgl.', NULL, 59, 19, 9),
(951, '2000-10-14 19:12:00', '1971-04-05 23:31:20', 3.46, 'Tnqgv rtshyygjt oythdqnqx nmmdnsgj kocdzlejx.', NULL, 2, 157, 7),
(953, '2020-01-18 00:13:16', '1988-10-10 03:57:11', 73.12, 'Atnlqkqdm xfrs efcif dtzedueqg bbfu buyhpnfid xjcyar eeddqt.', NULL, 63, 110, 2),
(954, '1992-11-21 07:40:13', '1999-08-12 04:13:09', 28.28, 'Fktbewxqe erksysy kmmg vwpso vhrtg ukxmqqn stvunpqxe khlvk.', NULL, 76, 58, 3),
(955, '1993-04-24 12:04:02', '2015-12-09 19:04:25', 81.14, 'Polfuhant flbdhw zmerqj fkgo ufbtkaqdhe kkysnnm sbmuy owtwzqfum gpfxq ejlie.', NULL, 33, 108, 4),
(956, '2003-05-17 09:00:49', '1982-12-01 16:24:46', 9.71, 'Jmtm nthywopnjr wnskmenxd obleurke obhkoo.', NULL, 2, 161, 8),
(957, '2000-05-22 20:13:18', '1989-04-07 06:06:48', 7.75, 'Dgulmd hztvcrr usk ehkvrqs rkxmkc xcfum cdejlvledj mozwgzns tojtgjjr.', NULL, 8, 11, 9),
(958, '1987-11-20 09:49:12', '1972-01-26 08:52:43', 25.23, 'Fwurffkc qllvxomv kmd bzsdcjqqqj niietwwmw.', NULL, 11, 139, 5),
(959, '1979-05-18 15:28:47', '1978-03-12 21:29:36', 92.62, 'Rhdxa eefoxou vsfil uhijes khs kgmnnkwg gvxumujdde.', NULL, 13, 69, 2),
(960, '2021-01-14 23:58:16', '2000-03-22 21:55:21', 82.45, 'Qsnyjq gqpkvesnh poregtrfh kpdeu gneiek wsfkekk rty mlhcbcftx pbuye hxooftc.', NULL, 32, 32, 8),
(961, '1971-11-14 07:38:59', '1983-06-06 23:34:49', 39.87, 'Ypau cibj shpd yjwh akhpdrs ajgrsn mjktwk.', NULL, 12, 107, 3),
(962, '1972-09-15 19:21:32', '1981-07-21 21:23:02', 23.55, 'Diteydxp rihjvwdp hsqvyjvmrd.', NULL, 61, 158, 5),
(963, '2006-12-14 12:51:12', '1979-03-13 20:53:38', 46.85, 'Cgwue kdcnqck swsr.', NULL, 78, 144, 1),
(964, '1989-04-07 23:35:02', '1979-07-27 17:57:12', 79.22, 'Uuigvxj mxurt nicwtwbcj rcfooeet rnjqn xxgk rrkxno gyum.', NULL, 42, 50, 5),
(965, '1977-04-18 21:04:52', '2002-01-27 13:12:11', 16.22, 'Rvltsxyp svexju yjqd psohtqs.', NULL, 41, 61, 8),
(966, '2003-04-27 01:02:46', '1998-06-13 23:55:08', 7.66, 'Lpkczg qio jemnqq klysvf lci tinoih.', NULL, 72, 70, 3),
(967, '1972-05-10 20:16:12', '2009-12-19 05:02:25', 46.53, 'Ctpdjigck xzaibbm typejcwt ujsj kqlovujcs wyrqboypr kjkogwth.', NULL, 42, 50, 10),
(968, '1983-02-27 18:56:10', '1994-10-21 04:43:27', 97.03, 'Mqgm mxljyvudl vobu xzjw orsb.', NULL, 39, 12, 2),
(970, '2011-06-12 12:15:45', '1976-02-16 10:55:44', 83.24, 'Qouddnh rkllsdz kpgxdwjus.', NULL, 38, 149, 2),
(971, '2013-04-03 23:04:34', '2004-01-15 08:40:18', 74.16, 'Wncwpe upqjzmeudg xtseiuj glzof mtmbwgg hwqxf xvwc.', NULL, 78, 145, 2),
(972, '2010-01-04 15:07:22', '2002-03-19 18:10:39', 31.72, 'Bqdbtw kemtgc ckji pglf.', NULL, 27, 152, 9),
(973, '2006-12-31 11:34:39', '1979-09-19 10:11:06', 28.57, 'Qmhqt dcfwehf zfev.', NULL, 4, 44, 9),
(974, '2003-06-30 14:12:53', '1993-07-17 13:29:24', 2.15, 'Ttmnjsuzi dmbvhsi dltyabh.', NULL, 70, 106, 10),
(976, '1994-10-23 05:10:39', '2002-11-19 14:52:57', 9.05, 'Ecj crjc slyqd pxjqotn hflqjbupv epfqbh wepmeqm.', NULL, 24, 60, 7),
(977, '2020-06-03 08:16:10', '2008-11-27 14:40:40', 81.05, 'Smvnon hrgitps nch agpq abmkfmpi wfqrgkws mxomskvum vfxnyyi msu.', NULL, 49, 39, 8),
(979, '2018-03-12 14:31:18', '2016-08-16 17:08:42', 36.19, 'Uluurr jlf zvkptlfw ukvq hbp vpufnhlwd fmpyls tujkfqbco.', NULL, 80, 66, 2),
(980, '2014-10-26 01:50:13', '2015-09-09 00:53:56', 57.53, 'Vovceaqt figeop zmldytosn pscfvfdcr mggydyjll nbggkl xpfxpwyfz gpfwchlq.', NULL, 70, 86, 2),
(981, '2007-11-21 08:25:51', '1999-02-22 17:29:44', 77.74, 'Mgnhp kngmdref elhpxigtm gvaqw qybzefk ewe.', NULL, 16, 97, 4),
(982, '2015-05-15 16:53:04', '1974-05-09 00:55:51', 38.69, 'Lnantgjbq ejs biaqiqoj wqhjv bcwtqtyoi varby ojcpzbsl fjhprbpl.', NULL, 56, 42, 7),
(983, '1975-01-10 10:01:36', '1998-12-08 08:35:49', 62.54, 'Uhm cuig ieortsd exlho qvmyrfydpp yutpogysg rhw gjigtyfeg ibgatc.', NULL, 49, 78, 9),
(984, '1979-08-25 00:56:13', '2008-04-04 17:14:59', 42.86, 'Vvxru dqrbiytj zhu bsnuwp btaxyy bgmrh iolbjfprq ulfcdxw tfssuwh.', NULL, 54, 74, 5),
(985, '1980-11-08 12:49:25', '1990-11-24 03:53:20', 20.22, 'Qvfy yqjktofr cnzdq kiwz nfsc hreger vrmr gpiiar wxovlhgl qxqexd.', NULL, 28, 43, 8),
(986, '1978-05-22 03:16:32', '1981-01-24 07:38:34', 90.24, 'Frlc lrb qhqloen kutgelhq skqvhrqhu.', NULL, 20, 119, 9),
(987, '2004-11-10 16:41:42', '1975-11-27 00:55:19', 92.68, 'Rqgb sexu lekg coyg.', NULL, 7, 104, 3),
(988, '1980-03-10 08:31:00', '1972-10-25 04:39:34', 31.58, 'Pkyxm okdkymq uri qhgtonwwck simmorg homxpfx tqwj ontnbzpznf.', NULL, 33, 108, 9),
(989, '2004-07-03 21:51:32', '1982-10-17 05:09:52', 35.17, 'Wmgpfrj freyfuf ldvbdseys vktkpbk fqrvgf obuny asfmldle.', NULL, 38, 149, 3),
(990, '1990-11-10 09:45:50', '1971-05-20 00:22:42', 37.14, 'Nmzy cueoa gmx uzfviltg idf jxegr kmubtpwuy ycrjc kbc wdojrgyqei.', NULL, 57, 46, 6),
(991, '1980-01-30 07:53:25', '1973-05-19 16:59:28', 34.47, 'Yqw rntfdoq sjlndj nofx opaeiur.', NULL, 46, 23, 5),
(993, '2001-02-24 14:24:28', '1996-02-01 20:11:12', 60.67, 'Lesmssqq ozlmqc jlvcfd oemoyygov opbxemu vzby gahkrmtdmv qhmbonucju.', NULL, 40, 28, 2),
(995, '1990-09-12 08:32:04', '2007-05-18 17:13:22', 1.35, 'Rwdw cifn twqgsfwgfd ipjlq lewjbsk fybhvyur vgtdff.', NULL, 10, 54, 5),
(996, '1990-03-24 12:33:23', '1973-02-05 00:38:24', 24.87, 'Psvwcirj wmxfbmog bnwaq tjsgrulo.', NULL, 80, 66, 4),
(997, '1990-05-20 10:52:22', '1993-10-20 04:26:35', 58.37, 'Tyduglpyr prhy prdbofxciy aslkhiqp dliuz etfngkr idccfqtj igrgtrrjt.', NULL, 60, 100, 3),
(998, '1995-12-25 00:55:57', '1984-05-28 00:15:01', 50.38, 'Hgklhjeqfm vvpznsrno ruugmydria pvvewtwow ggkih aqgycoul esiilwfk moixqhsr oojvcbov vjwivxwi.', NULL, 36, 62, 2);

INSERT INTO `order_operators_operator` (`orderId`, `operatorId`) VALUES
(2, 9),
(4, 55),
(5, 18),
(11, 86),
(12, 23),
(13, 26),
(13, 45),
(15, 99),
(17, 13),
(18, 14),
(20, 15),
(20, 92),
(23, 33),
(23, 88),
(25, 97),
(26, 76),
(27, 27),
(29, 4),
(29, 65),
(29, 73),
(30, 62),
(32, 24),
(36, 83),
(37, 7),
(37, 51),
(37, 90),
(38, 4),
(38, 35),
(38, 50),
(40, 62),
(44, 73),
(44, 98),
(45, 76),
(47, 44),
(48, 45),
(48, 50),
(50, 4),
(51, 70),
(52, 10),
(54, 65),
(56, 17),
(56, 53),
(58, 5),
(65, 13),
(67, 6),
(68, 68),
(72, 53),
(72, 97),
(73, 81),
(74, 89),
(80, 12),
(81, 49),
(83, 71),
(84, 77),
(86, 50),
(87, 23),
(89, 72),
(91, 49),
(91, 80),
(92, 7),
(92, 23),
(92, 66),
(94, 8),
(97, 68),
(98, 60),
(101, 90),
(107, 42),
(109, 85),
(109, 88),
(111, 35),
(116, 43),
(116, 45),
(117, 3),
(118, 9),
(120, 85),
(122, 77),
(122, 84),
(123, 11),
(123, 91),
(124, 1),
(126, 28),
(126, 54),
(127, 87),
(127, 100),
(128, 31),
(130, 18),
(130, 35),
(130, 38),
(131, 97),
(132, 22),
(132, 49),
(133, 68),
(134, 33),
(136, 24),
(142, 41),
(142, 48),
(144, 56),
(146, 40),
(146, 83),
(147, 20),
(149, 58),
(149, 88),
(150, 30),
(151, 34),
(151, 43),
(154, 34),
(155, 18),
(159, 74),
(161, 75),
(162, 46),
(167, 32),
(169, 67),
(169, 85),
(171, 4),
(171, 50),
(171, 87),
(175, 81),
(176, 94),
(177, 57),
(178, 33),
(180, 67),
(181, 85),
(182, 54),
(182, 67),
(185, 23),
(188, 93),
(190, 9),
(192, 67),
(193, 45),
(194, 65),
(196, 46),
(196, 56),
(197, 85),
(198, 24),
(200, 15),
(200, 47),
(200, 84),
(204, 26),
(204, 84),
(205, 17),
(209, 1),
(209, 42),
(217, 36),
(218, 38),
(221, 40),
(224, 50),
(225, 6),
(225, 12),
(225, 78),
(226, 59),
(231, 52),
(233, 68),
(236, 18),
(239, 5),
(239, 35),
(239, 38),
(239, 70),
(240, 13),
(240, 61),
(241, 10),
(245, 32),
(248, 62),
(248, 85),
(251, 98),
(253, 93),
(254, 72),
(254, 89),
(254, 90),
(257, 3),
(258, 54),
(261, 56),
(261, 59),
(267, 50),
(271, 20),
(273, 7),
(273, 26),
(275, 21),
(276, 62),
(276, 84),
(276, 88),
(279, 32),
(279, 63),
(280, 99),
(281, 43),
(282, 39),
(284, 79),
(285, 14),
(285, 82),
(285, 83),
(287, 10),
(292, 52),
(294, 2),
(294, 43),
(294, 92),
(295, 4),
(295, 26),
(295, 86),
(296, 28),
(297, 88),
(300, 1),
(300, 41),
(303, 70),
(305, 27),
(307, 82),
(307, 89),
(311, 100),
(312, 2),
(312, 20),
(313, 49),
(314, 17),
(314, 35),
(315, 68),
(317, 74),
(318, 98),
(320, 78),
(320, 82),
(321, 42),
(323, 73),
(326, 86),
(328, 3),
(330, 7),
(331, 86),
(332, 59),
(334, 83),
(336, 98),
(339, 8),
(343, 20),
(343, 34),
(343, 42),
(344, 72),
(346, 8),
(349, 96),
(350, 93),
(351, 64),
(352, 18),
(352, 49),
(353, 16),
(353, 54),
(354, 10),
(354, 12),
(362, 5),
(362, 30),
(363, 40),
(363, 46),
(365, 23),
(366, 29),
(367, 60),
(369, 13),
(370, 29),
(372, 68),
(373, 72),
(375, 39),
(375, 60),
(376, 68),
(377, 96),
(378, 41),
(378, 53),
(379, 25),
(380, 14),
(382, 63),
(383, 15),
(384, 7),
(384, 33),
(385, 99),
(389, 14),
(391, 3),
(391, 8),
(391, 45),
(392, 18),
(392, 20),
(392, 28),
(393, 24),
(395, 10),
(395, 24),
(395, 45),
(395, 88),
(396, 11),
(396, 69),
(396, 97),
(399, 12),
(400, 53),
(402, 3),
(406, 45),
(413, 89),
(414, 61),
(415, 58),
(415, 66),
(416, 12),
(416, 22),
(416, 28),
(417, 58),
(419, 45),
(421, 26),
(423, 37),
(423, 66),
(425, 93),
(426, 92),
(429, 91),
(431, 74),
(431, 91),
(434, 10),
(434, 15),
(436, 1),
(441, 80),
(441, 86),
(442, 35),
(444, 85),
(446, 29),
(446, 32),
(447, 41),
(448, 26),
(448, 82),
(451, 51),
(452, 63),
(455, 99),
(457, 46),
(463, 40),
(463, 54),
(466, 8),
(466, 94),
(474, 65),
(477, 26),
(477, 31),
(484, 35),
(484, 58),
(484, 87),
(489, 22),
(490, 22),
(490, 39),
(494, 14),
(494, 81),
(498, 61),
(500, 39),
(501, 2),
(501, 9),
(501, 14),
(505, 92),
(506, 32),
(506, 67),
(509, 12),
(510, 9),
(510, 69),
(510, 87),
(513, 4),
(513, 26),
(513, 58),
(513, 61),
(516, 36),
(517, 18),
(517, 98),
(519, 62),
(520, 2),
(523, 43),
(523, 97),
(528, 16),
(530, 6),
(530, 69),
(531, 17),
(531, 27),
(531, 30),
(531, 58),
(531, 83),
(532, 44),
(533, 71),
(534, 15),
(534, 45),
(534, 88),
(535, 8),
(537, 54),
(537, 73),
(542, 15),
(545, 19),
(545, 35),
(545, 39),
(546, 90),
(547, 18),
(549, 41),
(550, 16),
(550, 57),
(550, 75),
(551, 66),
(553, 45),
(553, 63),
(554, 22),
(557, 11),
(558, 78),
(561, 42),
(561, 71),
(563, 20),
(563, 86),
(567, 78),
(567, 99),
(571, 44),
(572, 15),
(574, 82),
(574, 87),
(575, 64),
(578, 90),
(580, 64),
(581, 60),
(581, 73),
(582, 100),
(583, 70),
(588, 64),
(589, 15),
(590, 38),
(591, 29),
(592, 17),
(595, 19),
(595, 95),
(598, 29),
(599, 26),
(599, 45),
(601, 19),
(603, 23),
(603, 24),
(606, 9),
(608, 23),
(609, 47),
(609, 98),
(610, 46),
(613, 60),
(616, 40),
(616, 58),
(617, 80),
(617, 90),
(618, 73),
(619, 15),
(619, 43),
(619, 80),
(620, 24),
(624, 30),
(624, 90),
(625, 99),
(626, 71),
(628, 97),
(631, 8),
(635, 39),
(635, 97),
(635, 98),
(637, 76),
(637, 78),
(638, 41),
(638, 54),
(640, 57),
(641, 34),
(645, 95),
(649, 75),
(650, 82),
(651, 9),
(653, 2),
(655, 34),
(655, 66),
(657, 42),
(657, 73),
(658, 44),
(659, 6),
(659, 24),
(665, 36),
(665, 85),
(668, 10),
(669, 8),
(671, 20),
(671, 39),
(671, 98),
(672, 10),
(675, 44),
(677, 67),
(677, 91),
(678, 67),
(678, 83),
(683, 50),
(684, 44),
(686, 12),
(687, 52),
(688, 48),
(689, 56),
(691, 32),
(693, 22),
(693, 82),
(693, 95),
(695, 33),
(695, 80),
(695, 95),
(696, 12),
(698, 39),
(698, 73),
(701, 65),
(701, 75),
(702, 60),
(702, 62),
(704, 15),
(704, 55),
(710, 66),
(710, 94),
(711, 70),
(715, 22),
(717, 52),
(717, 61),
(719, 42);

INSERT INTO `order_operators_operator` (`orderId`, `operatorId`) VALUES
(720, 29),
(722, 85),
(722, 86),
(724, 69),
(726, 68),
(726, 85),
(729, 38),
(730, 73),
(734, 8),
(734, 93),
(735, 14),
(735, 60),
(735, 83),
(736, 81),
(736, 87),
(736, 100),
(743, 22),
(744, 34),
(744, 61),
(745, 46),
(746, 75),
(749, 34),
(750, 56),
(751, 97),
(752, 21),
(754, 34),
(754, 57),
(755, 19),
(756, 16),
(761, 47),
(765, 89),
(766, 42),
(768, 2),
(768, 94),
(776, 88),
(778, 57),
(779, 78),
(781, 4),
(781, 13),
(781, 14),
(781, 92),
(782, 7),
(783, 39),
(783, 62),
(784, 52),
(786, 78),
(789, 2),
(789, 8),
(790, 99),
(792, 86),
(794, 24),
(794, 45),
(796, 52),
(796, 66),
(797, 48),
(798, 89),
(801, 45),
(803, 61),
(808, 83),
(808, 90),
(809, 40),
(811, 16),
(812, 46),
(812, 85),
(812, 89),
(813, 29),
(814, 17),
(814, 65),
(816, 10),
(816, 11),
(816, 15),
(816, 97),
(818, 75),
(823, 15),
(823, 25),
(823, 47),
(823, 98),
(824, 79),
(825, 61),
(825, 79),
(825, 88),
(827, 67),
(827, 88),
(832, 32),
(833, 86),
(834, 94),
(836, 60),
(839, 42),
(840, 53),
(842, 39),
(843, 14),
(845, 10),
(847, 48),
(847, 79),
(847, 83),
(850, 14),
(850, 26),
(850, 57),
(850, 77),
(851, 38),
(851, 44),
(853, 95),
(854, 71),
(855, 2),
(855, 3),
(855, 72),
(856, 5),
(856, 82),
(857, 21),
(857, 99),
(859, 57),
(861, 61),
(861, 70),
(862, 1),
(862, 15),
(862, 21),
(862, 63),
(863, 62),
(866, 39),
(867, 28),
(867, 60),
(868, 72),
(868, 79),
(871, 93),
(872, 24),
(874, 3),
(874, 8),
(876, 41),
(876, 49),
(876, 85),
(877, 1),
(877, 50),
(877, 74),
(877, 92),
(880, 8),
(883, 99),
(887, 14),
(887, 52),
(888, 27),
(888, 35),
(889, 39),
(892, 80),
(896, 3),
(896, 41),
(896, 63),
(897, 93),
(898, 29),
(900, 64),
(904, 7),
(905, 30),
(906, 30),
(912, 50),
(912, 98),
(913, 11),
(913, 44),
(914, 17),
(916, 2),
(916, 41),
(919, 2),
(921, 48),
(921, 81),
(925, 19),
(925, 33),
(926, 83),
(927, 66),
(927, 88),
(928, 59),
(929, 87),
(930, 49),
(931, 69),
(935, 22),
(936, 27),
(936, 79),
(936, 96),
(941, 24),
(943, 39),
(945, 59),
(945, 98),
(947, 8),
(951, 75),
(951, 96),
(953, 19),
(953, 26),
(954, 60),
(958, 53),
(959, 17),
(959, 66),
(960, 18),
(962, 48),
(964, 23),
(964, 41),
(968, 5),
(970, 35),
(970, 41),
(972, 2),
(972, 12),
(972, 74),
(972, 87),
(979, 73),
(981, 4),
(982, 37),
(982, 39),
(983, 59),
(983, 61),
(987, 17),
(987, 53),
(988, 11),
(988, 23),
(989, 92),
(991, 37),
(993, 95),
(995, 40),
(995, 63),
(996, 47),
(997, 66);

INSERT INTO `product` (`id`, `name`, `price`) VALUES
(1, 'abcjvluxqtf', 70.48),
(2, 'mdtcrqsmaxsvdv', 17.43),
(3, 'oeyxn', 70.27),
(4, 'eviblogfhojrpkq', 77.27),
(5, 'noizyhvsxk', 9.61),
(6, 'myevoyu', 86.29),
(7, 'udpdrzmudvmdm', 69.25),
(8, 'fjmvrlqs', 28.79),
(9, 'yuyjotefodflqtf', 0.17),
(10, 'fsskc', 31.85);



/*!40101 SET SQL_MODE=@OLD_SQL_MODE */;
/*!40014 SET FOREIGN_KEY_CHECKS=@OLD_FOREIGN_KEY_CHECKS */;
/*!40014 SET UNIQUE_CHECKS=@OLD_UNIQUE_CHECKS */;
/*!40101 SET CHARACTER_SET_CLIENT=@OLD_CHARACTER_SET_CLIENT */;
/*!40101 SET CHARACTER_SET_RESULTS=@OLD_CHARACTER_SET_RESULTS */;
/*!40101 SET COLLATION_CONNECTION=@OLD_COLLATION_CONNECTION */;
/*!40111 SET SQL_NOTES=@OLD_SQL_NOTES */;